source,author,title,review_text,rating,bank,sentiment,top_keyword,cluster
Apple,ØªÙ†Ø¨ÙŠÙ‡ Ø¹Ø§Ø¬Ù„,Ø¨Ù†Ùƒ ØµØ­Ø§Ø±,Ø§Ù„Ø¨Ø±Ù†Ø§Ù…Ø¬ Ø¨Ø·Ø¦ Ø¬Ø¯Ø§ Ù„Ù„Ø§Ø³Ù ÙŠØ§ Ø¨Ù†Ùƒ ØµØ­Ø§Ø±,1,Sohar International,0.0,Ø¨Ù†Ùƒ,0
Apple,Chittigopi,Update not happening,Iâ€™m unable to update the application,1,Sohar International,-0.5,update,1
Apple,Dru.3,App not updating..unable to access,Iâ€™ve been trying to update the app since yesterday.. itâ€™s not updating. Kindly solve the issue since I need urgent access to the app.,3,Sohar International,0.6,the,1
Apple,"4,800y",Ø®Ø·Ø£ ÙÙŠ ØªØ³Ø¬ÙŠÙ„ Ø§Ù„Ø¯Ø®ÙˆÙ„,ÙŠÙˆØ¬Ø¯ Ø®Ø·Ø£ ÙÙŠ ØªØ³Ø¬ÙŠÙ„ Ø§Ù„Ø¯Ø®ÙˆÙ„ ÙˆÙƒÙ„Ù…Ø© Ø§Ù„Ù…Ø±ÙˆØ± Ø§Ù„Ø±Ø¬Ø§Ø¡ Ù…Ø±Ø§Ø¬Ø¹Ø© Ø¢Ø®Ø± ØªØ­Ø¯ÙŠØ« Ù„Ù„Ø¨Ø±Ù†Ø§Ù…Ø¬ ØŒØŒØŒ,2,Sohar International,0.0,ÙÙŠ,0
Apple,Rufuku,Transfer not possible,With the new update Iam not able to transfer and OTP comes late-Please check the system,3,Sohar International,-0.05681818181818182,the,1
Apple,SoooooooiÃ¶ti,When adding beneficiaries no save button,Please fix,1,Sohar International,0.0,please,0
Apple,Anqoodi,The worst Bank in Oman,To solve any issue they need ages & there is no update at all regarding your issue unless you call or visit any branch which will be full day activity I donâ€™t recommend anyone to open an account on this Bank from real bad experience,1,Sohar International,-0.21666666666666667,issue,1
Apple,Mr.Fartoro,"Smooth, Fast & Convenient Banking","Opening an account with Bank Sohar has never been easier! Their mobile application allows you to open an account effortlessly, without the need to visit a branch. The process is quick, user-friendly, and requires minimal documentation.

One of the best features is the doorstep delivery of debit/credit cards, saving time and adding convenience. Additionally, online shopping is smooth and fast, with secure transactions and seamless payment processing, ensuring a hassle-free experience.

With its innovative digital services, excellent customer support, and commitment to convenience, Bank Sohar is a top choice for modern banking. Highly recommended!",5,Sohar International,0.33809523809523817,and,1
Apple,ÙØ§Ø±ÙˆÙ‚ Ø§Ø¨Ùˆ Ø¹Ù…Ø±,Ø¨Ù†Ùƒ ØµØ­Ø§Ø± Ø§Ù„Ø¯ÙˆÙ„ÙŠ,"Ø¨Ù†Ùƒ ØµØ­Ø§Ø± Ø§Ù„Ø¯ÙˆÙ„ÙŠ 
Ù…Ù…ØªØ§Ø² Ø¬Ø¯Ø§Ù‹",5,Sohar International,0.0,Ø¨Ù†Ùƒ,0
Apple,syedahmer66,Update KYC failure,"I am unable to update my kyc details. The app takes pics of card, verify my face, even pull data from ROP and at the final proceed button it failed and asking me to visit newrest branch. Very disappointed",1,Sohar International,-0.49375,my,1
Apple,Alqarooty,Mobile transfer,I canâ€™t make username for phone number transfer I tried many different names but it doesnâ€™t work,1,Sohar International,0.25,many,1
Apple,26Akansha,Very easy and user friendly,I have 3 banks app in Oman and this app is best to use because of its simplicity. Big fan of Monthly Planner feature of the app.,5,Sohar International,0.5,of,2
Apple,DeepakLC,Awesome,Itâ€™s good banking application which serve my purpose,5,Sohar International,0.7,which,1
Apple,Haider.Khamis,Seamless!,"Easy, convenient and user friendly",5,Sohar International,0.4041666666666667,friendly,2
Apple,Ibrahim Al Brashdi,User Friendly,"Sohar Internationalâ€™s App is very user friendly, fast and has all the essential features for banking on the go!",5,Sohar International,0.15499999999999997,the,1
Apple,Saeed Ali H,Excellent App,It is truly a first class practical application that meets all the banking needs of individuals.,5,Sohar International,0.25,application,1
Apple,Ø›@52738383&&Ø›&Ø›ï·¼.ï·¼.:&&:&,ÙØ§Ø¹Ù„ Ø®ÙŠØ±,Ù„Ù…Ø§Ø°Ø§ Ù„Ø§ ÙŠÙ…ÙƒÙ† ÙØªØ­ Ø­Ø³Ø§Ø¨ Ø¹Ù† Ø·Ø±ÙŠÙ‚ Ø§Ù„ØªØ·Ø¨ÙŠÙ‚ Ø¨Ø¯Ù„ Ù…Ø§ Ù†Ø±ÙˆØ­ Ù„Ù„ÙØ±Ø¹ØŸ,4,Sohar International,0.0,Ù„Ø§,0
Apple,Nicky1379@,Amazing!!,Amazing!!,5,Sohar International,0.9375000000000001,,0
Apple,aaaaziz87,Good application,Fast and good,5,Sohar International,0.44999999999999996,and,3
Apple,Abdullahâ€¦â€¦â€¦,Beyond banking,The only banking app in Oman providing beyond banking services.,5,Sohar International,0.0,banking,1
Apple,HamedAS,Application,This application is the best bank app in oman,5,Sohar International,1.0,oman,1
Apple,Yousuf552,Best App in banking sector,Iâ€™m amazed about the extra services outside the banking which gives me the ability to enjoy seamless experience.,5,Sohar International,0.125,the,1
Apple,bravo sun,Poor banking,"Poor banking applications in this advanced world using this bank services and bank work hour timings are like early 2000â€™s ! when you want to transfer. bank will say outside working hours, does Thursday 12pm is outside working hours? Poor services i would like to quit using this bank.",1,Sohar International,-0.04583333333333334,bank,1
Apple,imc360,Well done !!,"SI well done super app very user friendly !!! And quick loving it !!! 

Beneficiary Adding super quick payment online I would say best in oman for me . 

Excellent service guys !!!!",5,Sohar International,0.585083912037037,friendly,2
Apple,FR201098,The best banking application,Very user friendly application,4,Sohar International,0.2875,friendly,2
Apple,"H1010""",Great app with loads of features,"Latest update have nice new features , easy to use",5,Sohar International,0.4174242424242424,update,2
Apple,Asadbm,App Rating,Amazing app and amazing features.,5,Sohar International,0.6000000000000001,and,2
Apple,Ø§Ù„Ø§Ù…ÙŠÙ†00,ØŸØŸØŸ,"Entering the program has become difficult for a person, and it is unfortunate that I have to wait for a period in vain to enter the program. Things have become more complicated to enter the program. I have an iPhone 13 phone, bro. I find it difficult to enter the program.",1,Sohar International,-0.3,have,1
Apple,.Diplomat..((XOX))..Engineer.,Always stuck,"I canâ€™t login to the app always fail , I tried to delete it and installed again but no use, it always says to me your phone not meeting the minimum security requirement! Iam using iphone 14pro max and not jailbreaking ! So what else i need to provide???",1,Sohar International,-0.78125,to,1
Apple,ÙˆÙ„ÙŠØ¯ Ø§Ù„Ø­ÙˆØ³Ù†ÙŠ,Minimum security requirements error,"Dear developers
Hope you are doing well
When i open the app it shows an error that my mobile phone does not meet the Minimum security requirements.

My phone is Iphone 15 pro max 
IOS 17.4.1",2,Sohar International,0.0,phone,1
Apple,just4me999,Ø­Ø³Ø§Ø¨Ø§Øª Ø§Ù„Ø§Ø·ÙØ§Ù„,Ù„Ù…Ø§Ø°Ø§ Ù„Ø§ ÙŠÙˆØ¬Ø¯ Ø±Ø¨Ø· Ø¨ÙŠÙ† Ø­Ø³Ø§Ø¨Ø§Øª Ø§Ù„Ø§Ø·ÙØ§Ù„ ÙˆÙˆÙ„ÙŠ Ø§Ù„Ø§Ù…Ø± Ù„ØªØ³Ù‡ÙŠÙ„ Ø§Ù„Ù…Ø¹Ø§Ù…Ù„Ø§Øª Ø§Ù„Ù…Ø§Ù„ÙŠØ© Ø§Ù„Ø§Ù„ÙƒØªØ±ÙˆÙ†ÙŠÙ‡ ÙˆØ§Ù‡Ù…Ù‡Ø§ ØªØ­ÙˆÙŠÙ„ Ø§Ù„Ø§Ù…ÙˆØ§Ù„,1,Sohar International,0.0,Ù„Ø§,0
Apple,Ø¨Ù† ØµØ¹Ø±,Wealth Management Customer Unable to Register,"Unfortunately, I opened VIP account and always my ID Number being rejected to register for this app. Call center unable to support.",1,Sohar International,-0.3666666666666667,to,1
Apple,conrad721,App not opening in the Philippines,Why?,3,Sohar International,0.0,,0
Apple,lahibnar,Bad app,"I canâ€™t recharge my prebaid card pay use app
Already i call central number but still issue not solve",1,Sohar International,0.0,card,1
Apple,amer994656,ØªØ­ÙˆÙŠÙ„Ø§Øª Ø¨Ù†ÙƒÙŠÙ‡ Ø¨Ø¯ÙˆÙ† Ø±Ø³ÙˆÙ…,Ø§Ù„Ø¨Ù†Ùƒ Ù…ØªÙ…ÙŠØ² Ù…Ù† Ù†Ø§Ø­ÙŠÙ‡ Ø§Ù„ØªØ­ÙˆÙŠÙ„Ø§Øª Ø¨Ø¯ÙˆÙ† Ø±Ø³ÙˆÙ… Ùˆ Ù‡Ø°Ø§ Ù…Ø§ Ø¬Ø¹Ù„Ù†ÙŠ Ø§ÙØªØ­ Ø­Ø³Ø§Ø¨Ø§Øª Ù„ÙŠ Ùˆ Ù„Ø§Ù‡Ù„ÙŠ ÙÙŠ Ø§Ù„Ø¨Ù†Ùƒ Ø§ØªÙ…Ù†Ù‰ Ø§Ø³ØªÙ…Ø±Ø§Ø± Ù‡Ø°Ù‡ Ø§Ù„Ù…ÙŠØ²Ù‡,5,Sohar International,0.0,Ù…Ù†,0
Apple,Hajir Fajwani,WORST APP,This is the worst mbanking application!!!! I transferred money to my bank Muscat account it has been 15 days I still haven't gotten my money in my bank muscat account (this has happened to me multiple times before!) I have been trying to transfer money to another account and it doesnt work! My work keeps on getting delayed because of how BAD THIS APPLICATION IS!,1,Sohar International,-0.6249999999999999,my,1
Apple,Adnan7177,Ø®Ø¯Ù…ØªÙ‡ Ø³ÙŠØ¦Ù‡ Ø¬Ø¯Ø§,Ù„Ø§ ÙŠÙˆØ¬Ø¯ Ø®Ø¯Ù…Ø© Ø¹Ù…Ù„Ø§Ø¡ Ùˆ Ø¨Ø·Ø§Ù‚Ù‡ ØªØ´ÙƒÙ„ Ùˆ Ø§Ù‚Ù„ Ø­Ø§Ø¬Ù‡ Ø¥Ø°Ø§ Ø¹Ù†Ø¯Ùƒ Ù…Ø´ÙƒÙ„Ù‡ ØªØ¬Ù„Ø³ Ù£ Ø§ÙŠØ§Ù… Ø¹Ø´Ø§Ù† ØªÙ†Ø­Ù„,1,Sohar International,0.0,Ù„Ø§,0
Apple,Naveen singhhhh,Worst ever bank,Iâ€™ll send my money to india it  take 4 days ! Reallly this app is sucks ! Even after  recieving msg of successful transaction from my side but receiver still not got any notifications or money ? IM GOING BANK RIGHT NOW TO REFUND MY MONEY AND CLOSE THIS BANK,1,Sohar International,0.22023809523809523,money,1
Apple,Zâ€™Din,Very bad option,"Pls donâ€™t share customer care number when you know that the call is not freeâ€¦.. waiting long time to pick a call, this means sohar bank is working as agent to telecom companies.

Not even having free CC call",1,Sohar International,0.17500000000000002,is,1
Apple,ZK.Loshi,Problem to to previous page with Back arrow in iphone 14,"I'm using iPhone 14 and I have a hard time going from the back button to the previous page, I have to press the back button repeatedly.  Hope Bank Sohar will fix this problem.",3,Sohar International,-0.11458333333333334,have,1
Apple,amutga,Ù…Ø´ÙƒÙ„Ø© Ø¹Ø¯Ù… ÙØªØ­ Ø§ÙŠÙ‚ÙˆÙ†Ø© Ø§Ù„Ø¨Ø·Ø§Ù‚Ø§Øª ÙÙŠ Ø§Ù„ØªØ·Ø¨ÙŠÙ‚,"ØªÙˆØ¬Ø¯ Ù…Ø´ÙƒÙ„Ù‡ Ø¹Ù†Ø¯ ÙØªØ­ Ø§ÙŠÙ‚ÙˆÙ†Ù‡ Ø§Ù„Ø¨Ø·Ø§Ù‚Ø§Øª ÙÙŠ Ø§Ø³ÙÙ„ Ø§Ù„ØªØ·Ø¨ÙŠÙ‚ .. Ù„Ø§ÙŠÙ…ÙƒÙ† Ø±Ø¤ÙŠØ© Ø§Ù„Ø¨Ø·Ø§Ù‚Ø§Øª Ø§Ù„Ø§Ø¦ØªÙ…Ø§Ù†ÙŠØ© ÙˆØ¯ÙØ¹ Ø§Ù„Ù…Ø³ØªØ­Ù‚Ø§Øª 

Ø§Ø±Ø¬Ùˆ Ø­Ù„ Ø§Ù„Ù…Ø´ÙƒÙ„Ù‡ ÙˆÙ„ÙƒÙ… Ø¬Ø²ÙŠÙ„ Ø§Ù„Ø´ÙƒØ±",2,Sohar International,0.0,Ø§Ù„ØªØ·Ø¨ÙŠÙ‚,0
Apple,Alhashmi noor,I cannot register my account in app,I cannot register my account on app,1,Sohar International,0.0,cannot,1
Apple,Snakeye10000,International transfer,Been asking for the last 3 month to rectify the glitch in the app for international transfer. Very bad response. Still waiting,1,Sohar International,-0.3033333333333333,the,1
Apple,ÙŠÙˆØ³Ù Ø§Ù„Ø´Ø¹ÙŠÙ„ÙŠ,Ø§Ù„ØªØ·Ø¨ÙŠÙ‚ Ù…Ø§ Ø¹Ù„ÙŠÙ‡ ÙƒÙ„Ø§Ù…,Ø§Ø¹Ø¬Ø¨Ù†ÙŠ Ø³Ù„Ø§Ø³Ø© Ùˆ Ø³Ø±Ø¹Ø© Ùˆ Ø§Ù„Ø¨Ø³Ø§Ø·Ø© ÙÙŠ Ø§ØªÙ…Ø§Ù… Ø§Ù„Ù…Ø¹Ø§Ù…Ù„Ø§Øª Ø¨Ø³ Ø­Ø§Ø¬Ù‡ ÙˆØ­Ø¯Ø© Ù†Ø§Ù‚ØµÙ†Ù‡ Ù„Ùˆ ÙŠØ¶ÙŠÙÙˆ Ø§Ù„Ø¨Ø·Ø§Ù‚Ø© Ø§Ù„Ø§Ù„ÙƒØªØ±ÙˆÙ†ÙŠØ© Ø§ÙŠ Ø§Ù„Ø¯ÙØ¹ Ø¹Ù† Ø·Ø±ÙŠÙ‚ Ø§Ù„ØªØ·Ø¨ÙŠÙ‚ ÙÙŠ Ø§Ù„Ù…Ø­Ù„Ø§Øª Ùˆ Ù†ØªÙ…Ù†Ù‰ Ù„ÙƒÙ… Ø§Ù„ØªÙˆÙÙŠÙ‚ Ùˆ Ø§Ù„ØªØ·ÙˆØ±,5,Sohar International,0.0,ÙÙŠ,0
Apple,K Siyabi,Update the Layout,"I am facing  troubles while using the app. The new update iOS 16 isnâ€™t friendly with your app. Kindly , improve the layout to go along with the new update .",2,Sohar International,0.31193181818181814,the,1
Apple,Zakiya Al Amri,One of the Best,"There is a lot of enhancements and functionalities within the App. Iâ€™m happy I can extract my Banking Statement in PDF.

Looking for more enhancements and services.",5,Sohar International,0.65,and,1
Apple,Al raisi-oman,Paying through app using virtual card,Need to see option in sohar app that customers can pay any transactions through app by scanning digital card in sohar app . Most of banks in GCC they are using it . No need to use your actual cards only though digital card through app.,3,Sohar International,0.1,card,1
Apple,wafaa8989,Wafaa8989,Very smooth and helpful app,5,Sohar International,0.52,very,2
Apple,Shakil Al Balushi,Excellent and easy use app,Smooth and comprehensive app covering most important transactions and activities,5,Sohar International,0.43333333333333335,and,2
Google,A Google user,,all too difficult. bb,1,Sohar International,-0.5,too,0
Google,Anish Yadav,,I love this app,5,Sohar International,0.5,this,2
Google,HisHighness Abdulla,,I noted your apologies but what happend after ? I feel guilty for opned a account in sohar international. back office service so.bad they are taking 3 to 4 weeks time for small paper work. after complaints there is not replay of emails....,1,Sohar International,-0.1875,after,1
Google,Jamila Alharthi,,Ù…Ù…ØªØ§Ø²Ø©,5,Sohar International,0.0,,0
Google,Md.Jumman Bepari,,"dear sohar international bank please add the mobile number change option in this apps,",1,Sohar International,0.0,option,1
Google,Arvind Kumar Choudhary,,very good aap,5,Sohar International,0.9099999999999999,very,3
Google,Janet Atieno,,went to the bank to change the new number since the number I used first is not active but still I can't access my account without OTP number which is being send in the old number this is draining ğŸ˜­.,1,Sohar International,0.13825757575757575,number,1
Google,Paripelli Rupesh,,good,5,Sohar International,0.7,good,3
Google,Deepak Yadav,,very good,5,Sohar International,0.9099999999999999,very,3
Google,bangla desh,,nice app,5,Sohar International,0.6,nice,2
Google,Waleed Albarwani,,"dear sohar bank team, Will you clarify why all the time the app dose not work? I just had enough I am moving to bank muscat instead..in critical times we want to transfer through the app and it say maintenance or doesn't work at all..",1,Sohar International,0.0,work,1
Google,Muhamad Rafeek,,"Sohar Bank is improved a lot within the last year and achieved international standards. As an indian, i have experienced many benefits like there's no service fee for the international transfer to India and will be credited instantly , faster than any other bank in Oman. The mob app of Sohar bank is excellent, very easy and user friendly. The beneficieries via mob app can be added with minimum details and avtivated immediately.",5,Sohar International,0.31133333333333335,and,1
Google,MUFEED RAHMAN.A,,still this bank services 1950 year . to much take time if need any service from Branch,1,Sohar International,0.2,much,1
Google,Ayman Zadjali,,"1 star for there's no option for changing mobile number like bank muscat, I visited 2 times sohar international branch Souq Al Seeb but there staff are too busy they was dealing with 1 customer 2 hours I waited for them 3 hours but they didn't have time they are tooo slow, imagine I was waiting 3 hours for only changing the mobile number, If sohar international improve this option in application I'm going to thank them",1,Sohar International,-0.04000000000000001,they,1
Google,Sabe Mirza,,very impressed ğŸ‘,5,Sohar International,1.0,very,2
Google,Hajer Belochi,,not user friendly,1,Sohar International,0.375,friendly,1
Google,Durga Ghimire,,Good,5,Sohar International,0.7,good,3
Google,Vishal Manakkattu,,"Terrible. This is the worst banking app I have ever used. Whenever I need to log in, it takes too much time to load the login interface. The login time is also very slow. Transactions are also very slow. It needs to learn from other banking app developers in Oman. For example, Bank Muscat takes only seconds to log in and complete other transactions.",2,Sohar International,-0.30333333333333334,to,1
Google,AGUSTIN SHAJI T,,good app,5,Sohar International,0.7,good,3
Google,Parag V,,"App not responding most of the times. Frequent issues. Cannot use the app after latest udpate on WiFi, works only on mobile data",1,Sohar International,0.275,on,1
Google,Thai lover lover,,Ø§ÙˆØ§Ø¬Ù‡ Ù…Ø´ÙƒÙ„Ø© Ø§Ù„ÙŠÙˆÙ… ÙÙŠ Ø§Ù„ØªØ·Ø¨ÙŠÙ‚ ÙˆÙ„Ø§ ÙŠÙ…ÙƒÙ†Ù†ÙŠ Ø§Ù„ØªØ³Ø¬ÙŠÙ„ Ø§Ùˆ Ø¥Ø±Ø³Ø§Ù„ Ø§Ù„Ø§Ù…ÙˆØ§Ù„,5,Sohar International,0.0,Ø§Ù„ØªØ·Ø¨ÙŠÙ‚,0
Google,Naresh Ravi,,"I'm unable to recharge the Friendi or Oordee number via Sohar Bank app, please check the number, please fix.",3,Sohar International,-0.5,please,1
Google,Muhammad Kaleemullah,,All Good but colour not suitable for day in app colour,5,Sohar International,0.21249999999999997,all,1
Google,Omar faruk,,nice,5,Sohar International,0.6,nice,0
Google,Muhammad Asif,,super Service and best Bank .,5,Sohar International,0.6666666666666666,best,2
Google,BILAL KHAN,,my app is not working automatically stops. what is the issue.,2,Sohar International,0.0,is,1
Google,ali ali,,good,3,Sohar International,0.7,good,3
Google,Salim Al Hajri,,"It's stuck and not able to open the app. It's so useless and very inconvenient . Always, there's a glitch",1,Sohar International,-0.3825,it,2
Google,Sam Kigozi s.,,"I changed phones and I have called the customer service team but they have not helped they say i reinstall app, which i have done twice but can't work. so for several days i cant transact. its awful",1,Sohar International,-0.5,have,1
Google,Imran Jutt,,sir please Also include the method for changing the mobile number. add your mobile app,2,Sohar International,0.0,mobile,1
Google,Muzaffar Jamil,,there should be an option to update mobile number,4,Sohar International,0.0,be,1
Google,Fariborz Mansour-Ghanaei,,This application has problems such as freezing and not being able to log in easily.,5,Sohar International,0.3111111111111111,as,1
Google,Sharif Rocke,,Nice,5,Sohar International,0.6,nice,0
Google,Pintu Sheikh,,very good,4,Sohar International,0.9099999999999999,very,3
Google,Sourav Barua,,nice oneğŸ‘,5,Sohar International,0.6,nice,0
Google,Haider Al Lawati,,Great Bank and App!,5,Sohar International,1.0,great,2
Google,GURUDAS SHANBHAG,,superrrrrr,4,Sohar International,0.0,,0
Google,Abdul Jabbar,,Excellent,5,Sohar International,1.0,excellent,0
Google,Muhammad Murshid,,Not working,1,Sohar International,0.0,working,1
Google,Odiaka Uzorka,,Very nice app,5,Sohar International,0.78,nice,2
Google,Osam Alawi,,"OTP received after 3 to 5 minutes and sometimes never If you do transactions over the weekend(eg from Bank Muscat to SIB via IBFT) Account never updated many other issues.. with this bank Hence go from worst to bad, try Bank Muscat",1,Sohar International,-0.33124999999999993,from,1
Google,Amr Abulmaged,,"The bank app has new features I'm not recommended at all. Don't ever think of using the app for flight booking. That's my experience. Took almost a week to get a ticket, even the payment done immediately after submission. Awful experience",1,Sohar International,-0.4318181818181818,experience,1
Google,Fakrul Islam,,Good,5,Sohar International,0.7,good,3
Google,sreekutty t.s,,"Am satisfied with app, especially international &gcc transaction but cannot make payment to the nri account",5,Sohar International,0.25,am,1
Google,XAVIER MARIYADAS,,EXLANNT,5,Sohar International,0.0,,0
Google,Shaikh Mohammad Nadeem,,Great and so easy to work and any transaction I loved it,5,Sohar International,0.6444444444444445,and,2
Google,Hamburg Castle,,This is great apps and bunk,5,Sohar International,0.8,great,2
Google,MAHENDRAN SEEMAAN,,Still lot of issues facing this app! Even debit card show bad card! Wrost experience then ever!,1,Sohar International,-1.0,card,2
Google,Zunair Jutt,,Nice,5,Sohar International,0.6,nice,0
Google,Deepu krishna K,,"I cant transfer fund to india, option for india in beneficiary is not showing",1,Sohar International,0.0,option,1
Google,om prakash,,excellent service ğŸ’¯,5,Sohar International,1.0,excellent,0
Google,ayub raja,,Very good,5,Sohar International,0.9099999999999999,very,3
Google,ROMMAN AHMED,,Good,5,Sohar International,0.7,good,3
Google,Shahnoor Mehr,,Excellent Banking,5,Sohar International,1.0,excellent,0
Google,Raees Pcv,,Good app,5,Sohar International,0.7,good,3
Google,Sourav,,"Initially the service was good to grasp customers. But recently it is noted that they are recruiting under experienced staffs for customer service who don't or unable to answer most of the queries. The response they provide is raise it in the App and it will be resolved. When I raise it app, I get a response contact the bank for support. If this is the response for every query is raise then what is the requirement to have a customer service???",2,Sohar International,0.25,the,1
Google,Rashid Ali,,Good,3,Sohar International,0.7,good,3
Google,Islampur Gaibandha,,"It's very bad experience, When i gonna opn the apps it's automaticly crush.",3,Sohar International,-0.9099999999999998,it,2
Google,Mohamed Hassan Soorow,,I'm interested,5,Sohar International,0.25,,0
Google,Khalid Al Maamari,,"Great app saves me a lot of time, and I can do all banking services through it.",5,Sohar International,0.8,great,2
Google,Basharat Ali,,Good service,5,Sohar International,0.7,service,3
Google,Harikeshsingh Yadav,,Very good app and banking sohar international best in Oman okay ğŸ‘,5,Sohar International,0.6025,oman,2
Google,Mohammad Rasal,,Verry good sarvice,5,Sohar International,0.7,good,3
Google,MR nowshad khan,,Good,4,Sohar International,0.7,good,3
Google,HARI NAIK,,very much disappointing services,1,Sohar International,-0.6,much,2
Google,Hamid Khan,,This is very good application,5,Sohar International,0.9099999999999999,application,2
Google,ja3fer ja3fer,,Ø³Ø¦ Ø¬Ø¯Ø§,1,Sohar International,0.0,,0
Google,Omani Omani,,Very professional and easy to use. Thanks Sohar international bank ğŸ‘ğŸ»,5,Sohar International,0.19083333333333335,easy,2
Google,Seyed Mostafa Sekhavati,,"Good appearance but lots of problem. For example: you can't delete any beneficiary, if try for that you would drop on a awful loop with no consequences.",2,Sohar International,-0.15000000000000002,you,1
Google,Abu Qabis Trading,,Best bank,5,Sohar International,1.0,best,2
Google,Mohamed Daha,,Very satisfied sohar international bank,5,Sohar International,0.325,international,2
Google,Sensei Kumar,,Everywhere free transfer,4,Sohar International,0.4,transfer,0
Google,kumar,,Very bad app and worst customer service,1,Sohar International,-0.9549999999999998,customer,2
Google,Grandpower Amrat,,It's better system to fast,5,Sohar International,0.35,it,1
Google,Afroz Siddque,,Good app,5,Sohar International,0.7,good,3
Google,Said Al-Naamani,,Keep it up bank sohar and good luck,5,Sohar International,0.7,sohar,2
Google,Riaz Abdul,,"The app gets hanged very frequently, even after updating many times.",2,Sohar International,0.315,many,2
Google,Bright Bennett,,Practical,5,Sohar International,0.0,,0
Google,Haris Muccadam,,Amazing app Very easy to use ğŸ‘Œ !,5,Sohar International,0.6520833333333333,easy,2
Google,Jamil Alriyami,,Not stable,2,Sohar International,0.0,not,1
Google,Masoud Alghaithi,,"The best available, genuinely unique level",5,Sohar International,0.5916666666666667,best,1
Google,El King Maged,,Nice App,5,Sohar International,0.6,nice,2
Google,Md jakir Hossain,,Nice,5,Sohar International,0.6,nice,0
Google,Mohammed Abdallah,,Too much time taking to verify installing process.,1,Sohar International,0.2,much,0
Google,Mbrpakquriyat,,Good luck,5,Sohar International,0.7,good,3
Google,Mejbah Sagor,,nice,5,Sohar International,0.6,nice,0
Google,Nawazish Ali,,Nawazish Asi good service,5,Sohar International,0.7,service,3
Google,Arman Arman,,Alhamdulillah good app,5,Sohar International,0.7,good,3
Google,Salim Man,,ØªØ­Ø³Ù† Ø§Ù„ØªØ·Ø¨ÙŠÙ‚ Ø¨Ø´ÙƒÙ„ ÙƒØ¨ÙŠØ± ÙÙ‚Ø· ÙÙŠÙ‡ ØªÙˆØ¬Ø¯ Ù…Ø´ÙƒÙ„Ø© Ø¨Ø³ÙŠØ·Ø© Ø¹Ù†Ø¯ ØªØ³Ø¬ÙŠÙ„ Ø§Ù„Ø®Ø±ÙˆØ¬ Ø§Ù„ØªØ·Ø¨ÙŠÙ‚ ÙŠØªÙˆÙ‚Ù Ø¹Ù† Ø§Ù„Ø¹Ù…Ù„,4,Sohar International,0.0,Ø§Ù„ØªØ·Ø¨ÙŠÙ‚,0
Google,Rashid KV,,APPLICATION IS NOT OPENING AT ALL....,1,Sohar International,0.0,at,1
Google,Mohammed Imran,,Nice,5,Sohar International,0.6,nice,0
Google,Irshad ansari,,Sohar international is very good bank,5,Sohar International,0.45499999999999996,international,2
Google,ALAM JAHANGIR,,Very good Mobile banking â¤ï¸â¤ï¸â¤ï¸ğŸŒ¹ğŸŒ¹ğŸŒ¹ğŸ’ğŸ’ğŸ’,5,Sohar International,0.9099999999999999,mobile,3
Google,Jabed Vai,,Nice App,5,Sohar International,0.6,nice,2
Google,Wajid Mohammed,,"The new app is useful, but after making each payment, it will not be responsive unless you re login again.",4,Sohar International,0.21818181818181817,login,1
Google,Krishna Moorthy,,Good,5,Sohar International,0.7,good,3
Google,Muhammad Haris,,Amazing app,5,Sohar International,0.6000000000000001,app,2
Google,A. Malik Al Balushi,,Perfect banking,5,Sohar International,1.0,banking,0
Google,Sharin Shahin,,Very good,5,Sohar International,0.9099999999999999,very,3
Google,sanjay shah,,Superb ğŸ‘ŒğŸ‘ŒğŸ‘ğŸ‘,5,Sohar International,1.0,,0
Apple,Edwingeorge,Bug,The app log in and then log out in the next 10 seconds. I don't know what the problem is. show the session expired,2,Bank Muscat,0.0,the,1
Apple,Ø·Ø±Ø²Ø·ØªØ·Ø±Ø°Ù‹Ø°,ØªØ­Ø¯ÙŠØ« ØªØ­ÙˆÙŠÙ„,ØºÙŠØ± Ø¬ÙŠØ¯ Ø§Ø¨Ø¯Ø§Ù‹ Ø§ØªÙ…Ù†Ù‰ ÙŠØ±Ø¬Ø¹ Ø§Ù„ØªØ­ÙˆÙŠÙ„ Ø§Ù„Ù„ÙŠ Ù‚Ø¨Ù„,1,Bank Muscat,0.0,,0
Apple,hassan_zafarwali,I am bank muscat new moblie registration I am forget user Iâ€™d and password please help me,I am bank muscat new moblie registration I am forget user Id and password please help me,3,Bank Muscat,0.13636363636363635,am,1
Apple,CptSyndicate,App crashing once again,"After the new update the app keeps crashing. Everytime I go to any other page onceâ€™s logged in, it abruptly crashes the app. Please fix this",1,Bank Muscat,-0.03787878787878788,the,1
Apple,jhoon123,ØªØ­ÙˆÙŠÙ„ Ø§Ù„Ø±ØµÙŠØ¯ Ø¹Ø¨Ø± Ø§Ù„Ù‡Ø§ØªÙ Ø§Ù„Ù†Ù‚Ø§Ù„,Ø§ØªÙ…Ù†Ù‰  Ø§Ø¶Ø§ÙØ© Ù…ÙŠØ²Ø© Ø§Ø®ÙØ§Ø¡ Ø§Ù„Ø±ØµÙŠØ¯ Ø§Ù„Ù…ØªÙˆÙØ±   Ø¹Ù†Ø¯ Ø§Ù„Ù‚ÙŠØ§Ù… Ø¨Ø¹Ù…Ù„ÙŠØ© ØªØ­ÙˆÙŠÙ„ Ø§Ù„Ø±ØµÙŠØ¯ Ø¹Ø¨Ø± Ø§Ù„Ù‡Ø§ØªÙ Ø§Ù„Ù†Ù‚Ø§Ù„,5,Bank Muscat,0.0,,0
Apple,Alatif095,Last Update,"Since the last update the app doesnâ€™t work as normal as before, it keeps logging out automatically with a message saying â€œsession time outâ€",1,Bank Muscat,0.075,as,1
Apple,Vaidya Vatsal,"Works less, crashes more","3 days out of 7 days in a week, this app is either down or crashes every minute. Keep logging in 10 times to do one transaction. Everything that can go wrong in an app is displayed here. Poor poor banking standards.",1,Bank Muscat,-0.36388888888888893,in,1
Apple,MSO8878,Ø§Ø¸Ù‡Ø§Ø± Ø§Ø³Ù… Ø§Ù„Ø´Ø®Øµ ÙƒØ§Ù…Ù„ Ø§Ù„Ù…Ø±Ø§Ø¯ ØªØ­ÙˆÙŠÙ„ Ù„Ù‡ Ø§Ù„Ù…Ø¨Ø§Ù„Øº,Ù†Ø±ÙŠØ¯ Ø§Ø¸Ù‡Ø§Ø± Ø§Ø³Ù… Ø§Ù„Ø´Ø®Øµ ÙƒØ§Ù…Ù„ Ø§Ù„Ù…Ø±Ø§Ø¯ Ø§Ù„ØªØ­ÙˆÙŠÙ„ Ù„Ù‡ Ø¹Ù† Ø·Ø±ÙŠÙ‚ Ø±Ù‚Ù… Ø§Ù„Ù‡Ø§ØªÙ .. Ù…Ø§ Ù†Ø±ÙŠØ¯ Ø­Ø±ÙÙŠÙ† ÙˆÙ†Ø¬ÙˆÙ… ******,2,Bank Muscat,0.0,,0
Apple,27shayleen,Test the app before launching,The app keeps on crushing all the time even while logging in whether with password or Face ID. Itâ€™s genuinely tiring I canâ€™t keep up with this!!! Itâ€™s been weeks!!!!!,1,Bank Muscat,0.7,with,1
Apple,Mohamed . Albulushi,Ø§Ù†Ø§ ÙˆØ§Ø¬Ø¯ Ù…Ø³ØªØ§Ø¡ Ù…Ù† Ø§Ù„ØªØ·Ø¨ÙŠÙ‚ Ùˆ Ù…Ø´Ø§ÙƒÙ„Ù‡,Ø¨Ø¯Ù„Øª ØªÙ„ÙÙˆÙ†ÙŠ Ù„ ØªÙ„ÙÙˆÙ† Ø«Ø§Ù†ÙŠ Ù†ÙØ³ Ø§Ù„Ø§ÙŠÙƒÙ„Ø§ÙˆØ¯ Ùˆ Ù†ÙØ³ ÙƒÙ„ Ø´ÙŠ Ù„Ù…Ø§ Ø¬ÙŠØª Ø§Ø³ÙˆÙŠ ØªØ³Ø¬ÙŠÙ„ Ø¯Ø®ÙˆÙ„ ÙŠØ·Ù„Ø¹ Ù„ÙŠ Ø§Ù„Ù†Ø¸Ø§Ù… ØªØ­Øª Ø§Ù„ØµÙŠØ§Ù†Ø© Ùˆ Ù„Ù„Ø¹Ù„Ù… Ù‡Ø§Ù„ÙƒÙ„Ø§Ù… Ù…Ø± Ø¹Ù„ÙŠÙ‡ Ø´Ù‡Ø±ÙŠÙ†  Ù„ÙŠØ´ Ù‡Ø°Ø§ ÙƒÙ„Ù‡ ÙŠØ¹Ù†ÙŠ ÙŠØ§Ø±ÙŠØª Ø­Ø¯ ÙŠÙÙ‡Ù…Ù†ÙŠ,1,Bank Muscat,0.0,,0
Apple,ğŸ‘ŠğŸ½fact,The app is very week,Sometimes not working,1,Bank Muscat,0.0,working,1
Apple,king f kngs,Updating app,"Very bad in receiving data for updates, more over updates are very frequent, and no notice for any improvements !!

Bank Muscat you need to hire better employees!!",1,Bank Muscat,0.14359375000000005,for,2
Apple,asasaa1,Problem,Canâ€™t download,1,Bank Muscat,0.0,can,0
Apple,Dimpozzz,Bank muscat,Good,5,Bank Muscat,0.7,good,3
Apple,Hana al jabri,Ø§Ù„ÙˆØ§Ø¯ÙŠ Ø§Ù„ÙƒØ¨ÙŠØ±,Ù…Ø³Ø¬Ø¯ Ø§Ù„ÙƒÙˆÙŠØªÙŠ,5,Bank Muscat,0.0,,0
Apple,Maryamtuhai,Very slow,Bad service and slow,1,Bank Muscat,-0.49999999999999994,bad,2
Apple,Masterofphilosophers,E-mandate,"There is no option to create a new E-mandate in M-banking , pls do the needful to provide it.",4,Bank Muscat,0.13636363636363635,to,1
Apple,ibrahimzeidi,Ø¹Ø·Ù„ Ù„ÙˆØ­Ø© Ø§Ù„Ù…ÙØ§ØªÙŠØ­ (ÙƒØªØ§Ø¨Ø© Ø§Ù„Ù†Ù‚Ø·Ø©),Ø§Ù„Ø¨Ø±Ù†Ø§Ù…Ø¬ Ø¬ÙŠØ¯ Ø¬Ø¯Ù‹Ø§ ÙˆÙ„ÙƒÙ† Ø§Ø¹Ø§Ù†ÙŠ Ù…Ù† Ù…Ø´ÙƒÙ„Ø© ÙƒØªØ§Ø¨Ø© Ø§Ù„ÙØ§ØµÙ„Ø© Ù„Ø§ØªØ¸Ù‡Ø± Ù…Ø¹ÙŠ ÙˆØ­Ø§ÙˆÙ„Øª Ø§Ù„ØªÙˆØ§ØµÙ„ Ø§ÙƒØ«Ø± Ù…Ù† Ù…Ø±Ø© Ù…Ø¹ Ù…Ø±ÙƒØ² Ø§Ù„Ø§ØªØµØ§Ù„Ø§Øª ÙˆØ§ÙŠØ¶Ù‹Ø§ Ø§Ù„Ù…ÙˆØ¸ÙÙŠÙ† ÙÙŠ Ø§Ù„ÙØ±ÙˆØ¹ ÙˆÙ„ÙƒÙ† Ù„Ø§ Ø¬Ø¯ÙˆÙ‰,1,Bank Muscat,0.0,Ù…Ù†,0
Apple,Drsureshvb,Update,First time seeing an app that doesnâ€™t want to update. Click update and it doesnâ€™t move a mm,2,Bank Muscat,0.25,doesn,1
Apple,_Dove80_,ØŸØŸØŸØŸ,Ø§Ù„ØªØ·Ø¨ÙŠÙ‚ Ù…Ø¹Ù„Ù‚ØŒØŒØŒ Ù…Ø§ Ø§Ø³ØªØ£Ù†Ù Ø§Ù„ØªØ±Ù‚ÙŠÙ‡!!!,1,Bank Muscat,0.0,Ø§Ù„ØªØ·Ø¨ÙŠÙ‚,0
Apple,HASAN BAYZID,App login trouble,"Kindly fix the issue of device registration again again and again!!! I had to re-register my device at least 50 times!! After every few days, a prompt says â€œ LOOKS LIKE YOU ARE LOGGING IN FROM A NEW DEVICE!!!â€ . I was asked to logout from all logged in devices for iCloud, which I did. Still, the same issue!!! No solution!!!",2,Bank Muscat,0.11951704545454545,from,1
Apple,Omanis22,Ø§Ø³ÙˆÙ‰ Ø¨Ù†Ùƒ ÙØ¹Ù…Ø§Ù†,Ø§Ø³ÙˆÙ‰ Ø¨Ù†Ùƒ ÙØ¹Ù…Ø§Ù†,1,Bank Muscat,0.0,Ø¨Ù†Ùƒ,0
Apple,ÙŠØ³Ø±Ù‰ 83837373737,Ø§Ù„ØªØ­Ø¯ÙŠØ« Ø§Ù„Ø§Ø®ÙŠØ± ÙÙŠÙ‡ Ù…Ø´Ø§ÙƒÙ„,Ù…Ø´Ø§ÙƒÙ„ ÙÙŠ Ø§Ù„Ø¯Ø®ÙˆÙ„,1,Bank Muscat,0.0,ÙÙŠ,0
Apple,Khin thida lin,Canâ€™t add beneficiary,I couldnâ€™t add .,1,Bank Muscat,0.0,,0
Apple,Osama.106,Transferring money,"After the last update . Transferring terms and conditions are too bad that you cannot transfer money more than 500 and the registration of account takes 24 our hour . I donâ€™t know why they made it too complicated. Other banks are advancing and developing, while Bank Muscat is regressing.",1,Bank Muscat,-0.16499999999999998,too,1
Apple,Omar alkiyumi,Omar Alkiyumi,"Perfect features , the best bank app",5,Bank Muscat,1.0,best,2
Apple,3moNoob,wouldnâ€™t recommend,"worst bank ever
terrible service and long waiting times for transactions and services are down too frequently for long times",1,Bank Muscat,-0.35925925925925917,times,2
Apple,Roo7_al_8ala,Ù…Ù…ØªØ§Ø²,Ø¨Ø±Ù†Ø§Ù…Ø¬ ÙÙ†Ø§Ù†,5,Bank Muscat,0.0,,0
Apple,Fatma1111Oo,Worst app ever,"I've been having trouble signing in for more than 7 years! Every time I call, they send instructions that are not affective. Even app developers don't understand the issues going on the app.",1,Bank Muscat,0.2125,the,1
Apple,SPL120321,False devise recognition,"With the latest update, the phone is recognised as new device and have to register again which not true",1,Bank Muscat,0.15378787878787878,the,1
Apple,Abdu365,Account is disconnected from app on daily basis,"On daily basis, my account gets disconnected from app and then I need to register my bank card again. This is very annoying and not convenient!!!!",1,Bank Muscat,-0.5,my,1
Apple,Omarrrrrr97,Transfer txn,"With all due respect to the Bank Muscat staff, especially the development department, I suggest that you cancel the feature that prevents transfers of more than 500 riyals during the first 24 hours when adding a new user account. This feature has nothing to do with security or protection. When you add the account, you can know and verify the beneficiaryâ€™s account name and account number. I apologize for taking too long and I hope that the matter will be looked into in the public interest. Thank you.",2,Bank Muscat,0.10162337662337662,the,1
Apple,Najman4art,Ù„Ø§ Ø¨Ø£Ø³,Ok,3,Bank Muscat,0.5,,0
Apple,Sltnac,Ø³Ø§Ø¹Ø© ÙƒØ§Ù…Ù„Ø© Ù„ØªØ³Ø¬ÙŠÙ„ Ù…Ø³ØªÙÙŠØ¯ Ø¬Ø¯ÙŠØ¯!!,Ù…Ø§ ÙˆØ§Ø¶Ø­ ÙˆÙŠØ´ ÙŠÙÙƒØ±ÙˆØ§ Ø§Ù„Ù…Ø·ÙˆØ±ÙŠÙ† Ù„Ù…Ø§ Ù‚Ø±Ø±ÙˆØ§ ÙŠØ±Ø¬Ø¹ÙˆØ§ Ù„Ù„Ø®Ù„Ù ÙˆÙŠØ²ÙŠØ¯ÙˆØ§ Ù…Ø¯Ø© ØªØ³Ø¬ÙŠÙ„ Ø§Ù„Ù…Ø³ØªÙÙŠØ¯ Ø¥Ù„Ù‰ Ø³Ø§Ø¹Ø© ÙƒØ§Ù…Ù„Ø© Ù…Ø¹ ØªÙ‚Ù„ÙŠÙ„ Ø§Ù„Ù…Ø¨Ø§Ù„Øº Ø§Ù„Ù…Ù…ÙƒÙ† ØªØ­ÙˆÙŠÙ„Ù‡Ø§ ÙÙŠ Ø§Ù„ÙŠÙˆÙ… Ø§Ù„Ø£ÙˆÙ„ !!!! Ù‚Ø§ØµØ¯ÙŠÙ† ØªØµØ¹Ø¨ÙˆØ§ Ø­ÙŠØ§Ø© Ø§Ù„Ù†Ø§Ø³ØŸ!,1,Bank Muscat,0.0,ÙÙŠ,0
Apple,18Ø¹Ù„ÙŠ Ø§Ù„Ù…Ø¹Ù…Ø±ÙŠ,Ø¨Ù†Ùƒ Ù…Ø³Ù‚Ø· Ø¨ÙƒÙŠØ±Ù‡ Ù…Ø§ Ø¹Ø§Ø±ÙÙŠÙ† ÙŠØ¶Ø¨Ø·ÙˆØ§ ØªØ·Ø¨ÙŠÙ‚ØŸ,"ÙŠØ¹Ù†ÙŠ Ø­Ø±ÙÙŠØ§ ÙƒÙ„ ÙŠÙˆÙ… Ø§ÙØªØ­ Ø§Ù„ØªØ·Ø¨ÙŠÙ‚ ÙŠÙƒØªØ¨ Ù„ÙŠ Ø§Ù† Ø§Ù„Ù‡Ø§ØªÙ Ø¬Ø¯ÙŠØ¯ ÙˆÙ„Ø§Ø²Ù… Ø§Ø³Ø¬Ù„Ù‡ ÙƒÙ„ Ù…Ø±Ù‡ 
Ø§Ù„Ø­ÙŠÙ† Ø§ÙƒØ«Ø± Ù…Ù† Ø³Ù†Ù‡ Ù†ÙØ³ Ø§Ù„Ù…Ø´ÙƒÙ„Ù‡ Ùˆ Ù„Ø§ ÙˆØ§Ø­Ø¯ Ù…Ù† Ø§Ù„Ø¯Ø¹Ù… Ø§Ù„ÙÙ†ÙŠ Ø¹Ø±Ù ÙŠØ­Ù„ Ù‡Ø§Ù„Ù…Ø´ÙƒÙ„Ù‡ ØªÙˆØ§ØµÙ„Øª Ø§ÙƒØ«Ø± Ù…Ù† Ù¡Ù  Ø§Ø´Ø®Ø§Øµ Ùˆ Ù…Ø§ÙÙŠ Ø­Ù„ÙˆÙ„â€¦.",1,Bank Muscat,0.0,Ù…Ù†,0
Apple,Oman700,Ù…Ø´ÙƒÙ„Ù‡ ÙÙŠ Ø§Ù„ØªØ·Ø¨ÙŠÙ‚ ÙˆÙ„Ø§ÙŠÙˆØ¬Ø¯ Ø­Ù„ Ø§Ù„Ù‰ Ø§Ù„Ø§Ù†,ÙˆØ§Ø¬Ù‡Øª Ù…Ø´ÙƒÙ„Ù‡ ÙˆÙ‡ÙŠ Ø§Ù† Ø§Ù„ØªØ·Ø¨ÙŠÙ‚ ÙƒÙ„ Ù…Ø§ Ø§Ø¯Ø®Ù„Ù‡ ÙŠØ·Ù„Ø¨ ØªØ³Ø¬ÙŠÙ„ Ù‡Ø§ØªÙ Ø¬Ø¯ÙŠØ¯ Ø¨Ø§Ù„Ø±ØºÙ… Ø§Ù†ÙŠ Ø§Ø³ØªØ®Ø¯Ù… Ø§Ù„ØªØ·Ø¨ÙŠÙ‚ ÙÙŠ Ù‡Ø§ØªÙ ÙˆØ§Ø­Ø¯ ÙÙ‚Ø· ÙˆØªÙ… Ù…Ø³Ø­Ù‡ Ù… ÙØªØ±Ù‡ Ø·ÙˆÙŠÙ„Ù‡ Ù…Ù† Ø§Ù„Ù‡Ø§ØªÙ Ø§Ù„Ø§Ø®Ø± ØªÙˆØ§ØµÙ„Øª Ù…Ø¹ Ø§Ù„Ø¨Ù†Ùƒ Ø®Ø¨Ø±ÙˆÙ†ÙŠ ÙÙŠ Ù‡ÙˆØ§ØªÙ Ø§Ù„Ø§ÙŠÙÙˆÙ† ÙÙ‚Ø· ØªÙˆØ§Ø¬Ù‡ Ù‡Ø°ÙŠ Ø§Ù„Ù…Ø´ÙƒÙ„Ù‡ ÙˆØ§Ù„Ø­Ù„ Ø§Ù†Ùƒ ØªØºÙŠØ± Ø§ÙƒÙ„Ø§ÙˆØ¯ Ø§Ø®Ø±!! Ù…Ù…ÙƒÙ† Ø­Ù„ Ù„Ù‡Ø°Ù‡ Ø§Ù„Ù…Ø´ÙƒÙ„Ù‡,1,Bank Muscat,0.0,Ø§Ù„ØªØ·Ø¨ÙŠÙ‚,0
Apple,MidhunRajAlpha,Very buggy,"Seems like the app was released without much testing. It keeps crashes every time you login or try to make a transaction. Initially I thought it is just my phone issue but later talking to my friends, I realized all are facing the same. Always gets logged out for no reason. Sigh.",1,Bank Muscat,0.05,my,1
Apple,fufufufu67FU,Ø³Ø±Ø¹Ø© Ø§Ù„Ø¨Ø±Ù†Ø§Ù…Ø¬,Ø§Ø®ÙŠØ±Ø§Ù‹ Ù‚Ø±Ø±ØªÙˆØ§ ØªØ¹Ø¯Ù„ÙˆØ§ Ø§Ù„Ø¨Ø±Ù†Ø§Ù…Ø¬ ØµØ§Ø± Ø§Ø³Ø±Ø¹ ÙˆØ§ÙˆØ¶Ø­ ÙˆØ§ØªÙ…Ù†Ù‰ ØªØªØ·ÙˆØ±ÙˆØ§ Ø¯Ø§ÙŠÙ…Ø§ ÙŠØ¹Ù†ÙŠ ÙˆÙ…Ø§ ØªØ·Ø¨Ù‚ÙˆØ§,3,Bank Muscat,0.0,,0
Apple,Momomatchi,Problem!,"When I try to transfer money to someone using their phone number, I cannot find the option for this service. Only the account number field is required, and the mobile number payment option is not available. What is the issue?",1,Bank Muscat,-0.1,number,1
Apple,Ø®Ø§Ù„Ø¯ Ø§Ù„Ø´Ø¬ÙŠØ¨ÙŠ,ØµÙ„Ø§Ù„Ø© Ø¸ÙØ§Ø± ØµØ­Ù†ÙˆØª,ÙŠØ­ØªØ§Ø¬ Ø¥Ù„Ù‰ Ø§Ù„Ù…Ø²ÙŠØ¯ Ù…Ù† ØªØ·ÙˆØ± Ù…Ø«Ù„ Ø³Ø­Ø¨ Ø¨Ø¯ÙˆÙ† Ø¨Ø·Ø§Ù‚Ø© Ùˆ ÙˆØªØ­ÙƒÙ… ÙÙŠ Ø³Ù‚Ù Ø§Ù„Ø¨Ø·Ø§Ù‚Ø©. Ùˆ Ø³Ù‚Ù Ù„Ù„Ø£Ø¬Ù‡Ø²Ø© Ù†Ù‚Ø§Ø· Ø§Ù„Ø¨ÙŠØ¹,3,Bank Muscat,0.0,Ù…Ù†,0
Apple,MasterAladdin,Awful,"Almost for a month in a year this app doesnâ€™t work, sometimes it just says session ended the moment I log in.",1,Bank Muscat,0.0,in,1
Apple,Najamali771,New app Update,Will the old bank muscat app Was great the theme was perfect even the old bank muscat support the face id To avoid to type the password the new app didnâ€™t showing the face id login  thnks,2,Bank Muscat,0.42727272727272725,the,1
Apple,T2IMR,ØªÙØ¹ÙŠÙ„ Ø¬Ù‡Ø§Ø² Ø¬Ø¯ÙŠØ¯,Ø¬Ù‡Ø§Ø²ÙŠ Ù‚Ø¯ÙŠÙ… ÙˆÙŠØ¸Ù‡Ø± Ø¹ Ø§Ù†Ù‡ Ø¬Ø¯ÙŠØ¯ ÙˆØ·Ø¨Ù‚Øª ÙƒÙ„ Ø´ÙŠ Ù‚Ù„ØªÙˆÙ‡ ÙˆÙ…Ø§ Ø§Ù†Ø­Ù„Øª Ø§Ù„Ù…Ø´ÙƒÙ„Ø© Ù…Ø§Ø²Ø§Ù„Øª Ù…ÙˆØ¬ÙˆØ¯Ù‡ Ù…Ù† Ù¥ Ø´Ù‡ÙˆØ± ØŒ Ù Ø¨Ù†ØªÙ‚Ù„ Ù„ Ø¨Ù†Ùƒ Ø«Ø§Ù†ÙŠ,1,Bank Muscat,0.0,Ø¨Ù†Ùƒ,0
Apple,shathan21,Improvement,Need more improvement,1,Bank Muscat,0.5,need,0
Apple,Malak Ahmed Abdullah,Balance update,"With the old app, the available balance would update automatically after transferring funds. However, with the new app, the balance remains unchanged, which may give the impression that the transfer was unsuccessful. Please investigate this issue. That said, the overall look and feel of the new app are excellent.",3,Bank Muscat,0.29545454545454547,the,1
Apple,Akash 19,Good,But need mony deposide option life insurance,5,Bank Muscat,0.0,option,0
Apple,amer994656,ØªØ§Ø®ÙŠØ± Ø¥Ø¶Ø§ÙØ© Ø§Ù„Ù…Ø³ØªÙÙŠØ¯,Ø§Ù„Ø¨Ù†Ùƒ Ø§Ù„ÙˆØ­ÙŠØ¯ ÙÙŠ Ø¹Ù…Ø§Ù† Ø§Ù„Ù„Ø°ÙŠ ÙŠØªØ§Ø®Ø± ÙÙŠ ØªÙØ¹ÙŠÙ„ Ø§Ù„Ù…Ø³ØªÙÙŠØ¯,1,Bank Muscat,0.0,ÙÙŠ,0
Apple,Sameh alhosni,Ø§Ù„ØªØ­Ø¯ÙŠØ« Ø§Ù„Ø§Ø®ÙŠØ±,"Ù„Ù„Ø§Ø³Ù Ø§Ù„ØªØ·Ø¨ÙŠÙ‚ ØµØ§Ø± ØºÙŠØ± Ø¹Ù…Ù„ÙŠ ğŸ‘ğŸ»ØŒ
ØµØ­ÙŠØ­ Ø§Ù„ÙˆØ§Ø¬Ù‡Ø© ØµØ§Ø±Øª Ù…Ø±ØªØ¨Ø© ÙˆØ¬Ù…ÙŠÙ„Ø©ØŒ ÙˆÙ„ÙƒÙ† Ø¹Ø´Ø§Ù† ØªØ´ÙˆÙ Ø§Ù„Ù…Ø¨Ø§Ù„Øº ÙÙŠ Ø­Ø³Ø§Ø¨Ø§ØªÙƒ Ù„Ø§Ø²Ù… ØªØ¯Ø®Ù„ Ø¹Ù„Ù‰ ÙƒÙ„ ÙˆØ§Ø­Ø¯ ÙˆØ¨Ø¹Ø¯Ù‡Ø§ ØªØ¶ØºØ· Ø¹Ù„Ù‰ Ø§Ù„Ø¹ÙŠÙ†ØŒ ÙˆÙƒØ§Ù† Ù…Ù† Ø§Ù„ÙˆØ§Ø¬Ù‡Ø© ØªÙ‚Ø¯Ø± ØªØ¹Ø±Ù ÙƒÙ… Ù…Ø¹Ùƒ ÙÙŠ ÙƒÙ„ Ø­Ø³Ø§Ø¨.",1,Bank Muscat,0.0,ÙÙŠ,0
Apple,H580s,Ø§Ù„ØªØ·Ø¨ÙŠÙ‚ Ù…Ø§Ù‚Ø¯Ø± Ø§Ø³Ø¬Ù„ ÙÙŠÙ‡ Ø§Ù„Ø¯Ø®ÙˆÙ„,Ø§ÙŠØ´ Ø§Ù„Ø³Ø¨Ø¨ Ù…Ø§Ø¹Ø±Ù,1,Bank Muscat,0.0,,0
Google,Md Shajal,,nice facility,5,Bank Muscat,0.6,nice,0
Google,Sajid Khan,,Excellent bank,5,Bank Muscat,1.0,excellent,0
Google,Aminul Islam,,Easy to use. Very helpful app.,5,Bank Muscat,0.31666666666666665,easy,2
Google,Shahzad Ali,,good,5,Bank Muscat,0.7,good,3
Google,Hira Manik,,good apps,5,Bank Muscat,0.7,good,3
Google,AR Wazit Rohman Rony Munshi,,Varry Good App,5,Bank Muscat,0.7,good,3
Google,Abdulrasheed Abdulqadri,,absolutely excellent app with very simple English,5,Bank Muscat,0.3333333333333333,excellent,2
Google,Arash Shirzad,,"When I try to register my new android device, after clicking on sending sms, the app keeps crashing. I cannot register my new device and have access to my accounts due to this error. I am using a ""Mi"" phone with the latest android OS. Please address this issue in an update.",4,Bank Muscat,0.16193181818181818,my,1
Google,Suman Ahmed,,good,5,Bank Muscat,0.7,good,3
Google,D K GIRI,,simple and good service,4,Bank Muscat,0.35,service,3
Google,Md Abubkr,,good,2,Bank Muscat,0.7,good,3
Google,Muhammad Sabir,,good job,5,Bank Muscat,0.7,good,3
Google,Rehmat Ullah Arshad,,Bad app need urgent modification,1,Bank Muscat,-0.6999999999999998,need,2
Google,Shojib Ahmmed,,good app,5,Bank Muscat,0.7,good,3
Google,Umar Mayo,,Good bank muscat app,5,Bank Muscat,0.7,muscat,2
Google,andurrazai baloch,,easiest bank in Oman and available every where in Oman also best for international use.,5,Bank Muscat,0.4666666666666666,oman,2
Google,Hassan Amir,,The best opinion if you travel to Oman,5,Bank Muscat,1.0,oman,1
Google,Jasmin Rathod,,very good,5,Bank Muscat,0.9099999999999999,very,3
Google,Badhon Vai,,good,4,Bank Muscat,0.7,good,3
Google,MONZURUL ALAM,,nice,5,Bank Muscat,0.6,nice,0
Google,Namshid 4363,,very usefull,5,Bank Muscat,0.2,very,2
Google,Devi thina,,i nerd English why arabi,1,Bank Muscat,0.0,,0
Google,Shamim Ahmed,,Very good,5,Bank Muscat,0.9099999999999999,very,3
Google,John Berwin,,good ğŸ‘ service,5,Bank Muscat,0.7,service,3
Google,jinoy thomas,,"I'm facing an issue where the QR is not getting captured while scanning â€” the screen remains still and doesnâ€™t proceed to payment. However, the same Bank Muscat app on iPhones works fine with the same QR. I tried on multiple Android devices with the Bank Muscat app, and none were able to scan successfully. Please note: I'm using the Bank Muscat QR scan and pay option daily without any issues for the past month. But since July the scan feature has stopped working on Android phones.",2,Bank Muscat,0.17708333333333334,the,1
Google,à¦†à¦²à§‹à¦° à¦ªà¦¥à§‡ à¦à¦¸à§‹,,Good app Service also good,5,Bank Muscat,0.7,good,3
Google,MUHAMMAD SAID,,really Good ğŸ˜ŠğŸ‘,4,Bank Muscat,0.7,good,3
Google,Muhammad Qasim,,fantastic,5,Bank Muscat,0.4,,0
Google,Tofayel Hossain,,Super service,5,Bank Muscat,0.3333333333333333,service,0
Google,Ajzal 3245,,it's good and helpful,5,Bank Muscat,0.7,it,3
Google,sam,,Ø¨Ù†Ùƒ Ù…Ø³Ù‚Ø· Ù…Ù…ØªØ§Ø² Ø¬Ø¯Ø§ ÙˆÙ…Ù† Ø§Ù„Ø¨Ù†ÙˆÙƒ Ø§Ù„Ø±Ø§Ø¦Ø¯Ø© Ø¨Ø³ ØªÙ…Ù†ÙŠØª Ù„Ùˆ Ù†Ø¸Ø§Ù… Ø§Ù„Ø¯ÙØ¹ Ø¨Ø§Ù„Ù‡Ø§ØªÙ nfc ÙŠÙƒÙˆÙ† Ø´Ø§Ù…Ù„ Ù„ÙƒÙ„ Ø£Ù†ÙˆØ§Ø¹ Ø§Ù„Ù‡ÙˆØ§ØªÙ Ø§Ù„ØªÙŠ ØªØ¹Ù…Ù„ Ø¨Ù†Ø¸Ø§Ù… nfc ÙˆÙ„Ø§ ÙŠÙ‚ØªØµØ± Ø¹Ù„Ù‰ Ø¨Ø¹Ø¶ Ø§Ù„Ø¹Ù„Ø§Ù…Ø§Øª Ø§Ù„ØªØ¬Ø§Ø±ÙŠØ© Ù„Ù„Ù‡ÙˆØ§ØªÙ Ø§Ù„Ù…Ø­Ù…ÙˆÙ„Ø© Ù…Ø«Ù„ Ø³Ø§Ù…Ø³ÙˆÙ†Ø¬ ÙˆØ§Ø¨Ù„ ÙÙ‚Ø· Ø¨Ù„ ØªÙˆØ¬Ø¯ Ø¹Ù„Ø§Ù…Ø§Øª Ø£Ø®Ø±Ù‰ Ù…Ø«Ù„ Ù‡ÙˆÙ†Ø± Ù‡ÙˆØ§ÙˆÙŠ ÙˆØºÙŠØ±Ù‡Ø§ Ø§Ù„Ø±Ø¬Ø§Ø¡ Ø§Ù„Ù†Ø¸Ø± ÙÙŠ Ù‡Ø°Ø§ Ø§Ù„Ù…ÙˆØ¶ÙˆØ¹ Ø´ÙƒØ±Ø§,3,Bank Muscat,0.0,Ø¨Ù†Ùƒ,0
Google,Nil giri,,Better Experience,5,Bank Muscat,0.5,experience,0
Google,C R A S H,,Ù…ØªÙ‰ ØªÙØ¹Ù„ÙˆØ§ google walletØŸ,5,Bank Muscat,0.0,,0
Google,Mustafa Mohammed,,Excellent,5,Bank Muscat,1.0,excellent,0
Google,Naimur Rahman,,Bank Muscat should accept request for credit card under 150 OMR . just for low earning people to get financial freedom,2,Bank Muscat,0.0,for,1
Google,Niraj Magar,,I think Bank Muscat also add Nepal for speed transfer because lot's of Nepali people come to Oman just for work so. If they put Nepal option then I'll do 5 star review.,2,Bank Muscat,0.0,for,1
Google,Nahedul alam,,"My mobile is running Android 11, it will not be updated, so even though the Bank Muscat app is downloaded, it does not open. Is there any solution so that I can use it?",2,Bank Muscat,0.0,is,1
Google,Rajabrabu M,,EXCELLENT,5,Bank Muscat,1.0,excellent,0
Google,Muhammad Afzal,,this is helpful for me.,5,Bank Muscat,0.0,me,1
Google,Malik Aleem,,very nice app,5,Bank Muscat,0.78,nice,2
Google,KHALID MEHMOOD,,all application is good but I make one more suggestion for IT DEP THAT THEY SHOULD reduce time to add new beneficiary. it's took around 1 hour man need to think about it.,5,Bank Muscat,0.4454545454545455,it,1
Google,Mohammed Salim,,Good app it is easy to use for everyone â¤ï¸â¤ï¸,5,Bank Muscat,0.5666666666666667,easy,2
Google,Kussy Nation,,Good â™¥ï¸,5,Bank Muscat,0.7,good,3
Google,MD Naimul Karim,,wow,5,Bank Muscat,0.1,,0
Google,Jayesh Thanki,,good service,5,Bank Muscat,0.7,service,3
Google,Tariq Al-Balushi,,ğŸ˜ğŸ˜˜,5,Bank Muscat,0.0,,0
Google,Mohashin Sheikh,,Oman excellent service Bank Muscat,5,Bank Muscat,1.0,oman,0
Google,Rathod Sandip,,it's nice and very easy app for using and sand money for everything it's fine,5,Bank Muscat,0.5266666666666667,for,2
Google,Hridoy Bhuiya,,Very Good Service,5,Bank Muscat,0.9099999999999999,service,3
Google,S. Harthy,,"They r ok in some areas, i just moved back my A/c after many years, i found them slow and complicated when opening a new A/c & cose they refused to open a current A/c unless your salary goes there, even if i didn't need a chq book now, but how can ur salary go there when u don't have an A/c, like Egg & Chicken story",3,Bank Muscat,-0.029292929292929298,when,1
Google,Taibah Wasif,,Good Job bank Muscat Good App,4,Bank Muscat,0.7,good,3
Google,Mundi Sunday Samuel,,easy to use,5,Bank Muscat,0.43333333333333335,easy,2
Google,Mahmoud Y. Ahmed,,"Urgent plz, regarding open Fixed Deposit account service, the Interset Instructions List of value has an issue and dose not contains months options for frequency !! .ex .. I try to open 12 month fixed deposit, and can not set the Interset Instructions to be monthly, or 3 months .. only re-investment entry is there .. Kindly check and help ASAP.",2,Bank Muscat,0.14270833333333333,and,1
Google,Mohsin Riaz,,Good,5,Bank Muscat,0.7,good,3
Google,Ram Jangir,,very much comfortable and safe,5,Bank Muscat,0.45,much,2
Google,Saud Salim,,Ù…Ø´Ø§ÙƒÙ„ ÙÙŠ Ø§Ù„Ø¯Ø®ÙˆÙ„ Ùˆ Ø§Ø¸Ù‡Ø§Ø± ØªÙØ§ØµÙŠÙ„ Ø§Ù„Ø­Ø³Ø§Ø¨ ÙƒÙ…Ø§ Ø§Ù† Ø§Ù„Ø¨Ø±Ù†Ø§Ù…Ø¬ ÙŠØºÙ„Ù‚ Ø¨Ø¹Ø¯ Ø¯Ù‚ÙŠÙ‚Ø© Ù…Ù† Ø§Ù„Ø¯Ø®ÙˆÙ„!!,1,Bank Muscat,0.0,Ù…Ù†,0
Google,MD RAKIB,,good app,5,Bank Muscat,0.7,good,3
Google,Amirjurr Amirjutt,,good work,5,Bank Muscat,0.7,work,3
Google,mehedi hasan,,it was great for us.easy to use and no more Extra problem. thank you muscat bank.,5,Bank Muscat,0.18333333333333335,was,2
Google,KHAN Express à¦–à¦¾à¦¨ à¦à¦•à§à¦¸à¦ªà§à¦°à§‡à¦¸,,"this app is good.I want this app to be upgraded to make it easier for international transfers, it would be good for the general public.",4,Bank Muscat,0.1875,be,1
Google,Amr Hassan,,WORST mobile apps made by BM!,1,Bank Muscat,-1.0,mobile,0
Google,Ahmed Dawood,,"I have a question not related to app, I'm wondering when Bank Muscat will enable Google Pay service?? currently only Sohar Bank the first one to offer this service.......",4,Bank Muscat,0.08333333333333333,service,1
Google,Josue Emiel Ogoy,,"Why Almost 2 weeks fot trying, I can not sign up. ğŸ˜¥",1,Bank Muscat,0.0,can,1
Google,Badolo Safoura,,"very nice system, i appreciate it â¤ï¸",5,Bank Muscat,0.78,nice,2
Google,Heleen-Marie Viljoen,,"when it doesn't work it's terrible trying to register a new device. I made certain that I'm using the correct number, added extra data,airtime and sms's along with Roaming data... only for the otp message to continuesly fail.... on the older device the app won't allow me to access my card transfer limits to adjust it... when I want to make a transfer it only says you can't use an account with credit or debit card limits. what use are you if I can't use it",1,Bank Muscat,-0.12283549783549784,it,1
Google,Masum Talukder,,good,1,Bank Muscat,0.7,good,3
Google,Umar Faruk,,wonderful,5,Bank Muscat,1.0,,0
Google,Sadiah Baloch,,it's only good for money transfer,2,Bank Muscat,0.35,money,1
Google,Mohamed Baloch,,best App yesy for use,2,Bank Muscat,1.0,best,2
Google,MD Minhaj,,good,5,Bank Muscat,0.7,good,3
Google,Ramjan Khan,,Bank muscat this mobile not install,5,Bank Muscat,0.0,mobile,1
Google,Kap Vhia,,Convenient and easy to use application also a very helpful customer service. Thank you team Bank Muscat,5,Bank Muscat,0.31666666666666665,also,2
Google,Jahirul Islam Foyez,,good ğŸ‘,5,Bank Muscat,0.7,good,3
Google,Sohail aulakh,,goos warkimg,5,Bank Muscat,0.0,,0
Google,David Vijay,,good,5,Bank Muscat,0.7,good,3
Google,Md Aladin,,nice,5,Bank Muscat,0.6,nice,0
Google,Oman Ala fojiii,,very good,5,Bank Muscat,0.9099999999999999,very,3
Google,viju jenif,,very good,5,Bank Muscat,0.9099999999999999,very,3
Google,Maedeh Mohit,,it does not work with vpn,1,Bank Muscat,0.0,work,1
Google,Probal Bishwas,,"very good experience so far, hope for same good services till dacades.",5,Bank Muscat,0.4275,good,3
Google,Kashmire Munda,,it's easy to used and very good app highly recommend bank muscat ğŸ‘,5,Bank Muscat,0.5011111111111111,easy,2
Google,Waqas Ahmed,,So good bank muscat,5,Bank Muscat,0.7,so,2
Google,Bilal Butt,,I am very happy for your agent service good bank muscat,5,Bank Muscat,0.85,am,2
Google,Vijayknair Kannur,,good serves,5,Bank Muscat,0.7,good,3
Google,Tishan Nethma,,good,5,Bank Muscat,0.7,good,3
Google,Saifal Maluk,,very pathetic it gives only few seconds to transfer payment otherwise timeout error n you have to re login. attempted many tries and it wasted my time. seems make transfer while going through many screen fast as much as possible which can lead you to make a mistake.,1,Bank Muscat,-0.03333333333333333,many,1
Google,Asim Hashmi,,Hi when I entered as new user they r asking me to contact customer I cannot able to get OTP to login,1,Bank Muscat,0.3181818181818182,to,1
Google,Mudassir Alvi,,Nice and convenient easy to use,4,Bank Muscat,0.5166666666666666,easy,2
Google,Vishnu Navani,,good,5,Bank Muscat,0.7,good,3
Google,Mohsin Ahmed,,although it's a smoth app,4,Bank Muscat,0.0,it,2
Google,Saiful Islam,,good,5,Bank Muscat,0.7,good,3
Google,yasar pc,,It would have been better if cardless service had been included.,5,Bank Muscat,0.5,if,0
Google,owaish shaikh,,excellent,5,Bank Muscat,1.0,excellent,0
Google,Mohammed Rasik Thajudheen,,Please inform the customers regarding the updates .,5,Bank Muscat,0.0,the,1
Google,ANAND S S,,"Now your updation is very good, I enjoy it, I have a request, I have OnePlus mobile with NFC option, bank muscat NFC payments is now available Samsung mobiles and apple, could you please add all androids,it's better to use us. Thank you",4,Bank Muscat,0.5525,have,1
Google,Syed Zakir,,Why not open this app,5,Bank Muscat,0.0,this,1
Google,shihab otp,,goog,5,Bank Muscat,0.0,,0
Google,Circle it,,easy to use,5,Bank Muscat,0.43333333333333335,easy,2
Google,YOUSUF ALKHANJARI,,add tap to pay by Google soo we can use Google wallet easy,4,Bank Muscat,0.43333333333333335,easy,2
Google,Arafat Hossen,,good sarvis,5,Bank Muscat,0.7,good,3
Apple,ShabadN,Mob App stucks randomly,"Mobile app not opening and it close by itself. I tried to re-install the app again and again. Still no way.

Rest all other mobile apps work well on my phone.",1,Bank Dhofar,-0.125,mobile,1
Apple,Ø¨Ø¯Ø±ğŸ¤šğŸ»,Ø­Ø³Ø§Ø¨Ø§Øª Ø§Ù„Ø§Ø·ÙØ§Ù„,"Ù…ØªÙ‰ ØªØ±Ø¨Ø·ÙˆØ§ Ø­Ø³Ø§Ø¨Ø§Øª Ø§Ù„Ø§Ø·ÙØ§Ù„ Ù…Ø¹ Ø­Ø³Ø§Ø¨ Ø§Ù„Ø§Ø¨ Ù…Ø«Ù„ Ø¨Ø¹Ø¶ Ø§Ù„Ø¨Ù†ÙˆÙƒ
Ø­Ø³Ø§Ø¨ Ø§Ù„Ø·ÙÙ„ Ù…ÙˆØ¬ÙˆØ¯ ÙÙŠ Ù†ÙØ³ Ø§Ù„Ø¨Ø±Ù†Ø§Ù…Ø¬ Ù„Ù„Ø§Ø¨ Ø§Ùˆ Ø§Ù„ÙˆØµÙŠ",3,Bank Dhofar,0.0,ÙÙŠ,0
Apple,Mohamed Azri,Super app,Super and wow app,5,Bank Dhofar,0.21666666666666667,and,2
Apple,Pilot-EMC 007,Apple pay is not working,"Supposed to support Apple pay, but still not configured as it shows â€œthe region setting for this device cant be used with Apple payâ€",1,Bank Dhofar,0.0,as,1
Apple,AQQQz.,ØªØ­Ø³ÙŠÙ† Ø§Ù„ØªØ·Ø¨ÙŠÙ‚,Ø§Ù„ØªØ·Ø¨ÙŠÙ‚ Ù…Ù…ÙƒÙ† Ø§Ù‚Ø¨Ù„Ù‡ Ù„Ùˆ ÙƒØ§Ù† Ù…Ù† Ø¨Ù†Ùƒ Ø§Ø®Ø± Ù„ÙƒÙ† Ø¨Ù†Ùƒ Ø¸ÙØ§Ø± Ø¹ÙˆØ¯Ù†Ø§ Ø¹Ù„Ù‰ Ø§Ù„Ø±ÙŠØ§Ø¯Ù‡ ÙØ§Ù„Ù…Ø¬Ø§Ù„ Ø§Ù„ØªÙ‚Ù†ÙŠØŒ Ø§Ù„ØªØ·Ø¨ÙŠÙ‚ ÙŠØ­ØªØ§Ø¬ Ù…Ù…ÙŠØ²Ø§Øª Ø§Ø¶Ø§ÙÙŠÙ‡ Ùˆ Ø£Ø¹Ø§Ø¯Ù‡ ØªØµÙ…ÙŠÙ…ØŒ Ø§Ù„ØªØµÙ…ÙŠÙ… Ø§Ù„Ø­Ø§Ù„ÙŠ ÙƒØ£Ù†Ù‡ Ù…ÙˆÙ‚Ø¹,2,Bank Dhofar,0.0,Ø¨Ù†Ùƒ,0
Apple,ğŸ¥¹ğŸ¥¹ğŸ’•ğŸ’•,The app,You really need to enhance your app we save our money with you!!! It always says we cannot transform money to a number or whatever you just take the money after a sec you return it as well we do that to transform to  other people not to return the money to us back! It just always say the system not responding!!!!,1,Bank Dhofar,0.041406250000000006,money,1
Apple,ha0042,Ø¸ÙØ§Ø± pay,Ø¸ÙØ§Ø± Ø¨Ø§ÙŠ Ù„Ø§ÙŠØ¹Ù…Ù„ Ø¹Ù„Ù‰ Ø§Ù„Ø§ÙŠÙÙˆÙ†,1,Bank Dhofar,0.0,,0
Apple,omair101,ÙŠØ­ØªØ§Ø¬ ØªØ­Ø¯ÙŠØ« Ù„Ù„Ø®Ø¯Ù…Ø§Øª,Ø§Ù„ØªØ·Ø¨ÙŠÙ‚ ÙŠØ­ØªØ§Ø¬ ØªØ·ÙˆÙŠØ±Ù‡ Ø£ÙƒØ«Ø± Ù…Ù† ÙƒØ°Ø§ Ùˆ ÙŠÙ†Ù‚ØµÙ‡ Ø¨Ø¹Ø¶ Ø§Ù„Ø®Ø¯Ù…Ø§Øª,2,Bank Dhofar,0.0,Ù…Ù†,0
Apple,khfschycjk,Ø§Ù„ØªØ·Ø¨ÙŠÙ‚ Ù„Ø§ÙŠØ¹Ù…Ù„ Ø¹Ù„Ù‰ ÙƒÙ„ Ø§Ù„Ø®ÙŠØ§Ø±Ø§Øª,ØªØµÙ†ÙŠÙ Ø¶Ø¹ÙŠÙ Ø¬Ø¯Ø§ ÙˆØºÙŠØ± ØµØ§Ù„Ø­ Ù„Ù„Ø§Ø³ØªØ®Ø¯Ø§Ù…,1,Bank Dhofar,0.0,,0
Apple,Al Noman Al Sedrani,Crash,App crashes alot,1,Bank Dhofar,0.0,app,2
Apple,7lm211,App issue,The app for some reason is not opening and it close by itself.,3,Bank Dhofar,0.0,for,1
Apple,amer994656,ØªÙ… Ø§ÙŠÙ‚Ø§Ù Ø§Ù„ØªØ·Ø¨ÙŠÙ‚ Ù„ÙØªØ±Ù‡ Ø·ÙˆÙŠÙ„Ø©,Ù„Ù‚Ø¯ ØªÙˆÙ‚Ù Ø§Ù„ØªØ·Ø¨ÙŠÙ‚ Ù„ÙØªØ±Ù‡ Ø·ÙˆÙŠÙ„Ø© Ùˆ ØªØ³Ø¨Ø¨ Ù„ÙŠ Ø¨Ø®Ø³Ø§Ø¦Ø± ÙƒØ¨ÙŠØ±Ø©,1,Bank Dhofar,0.0,Ø§Ù„ØªØ·Ø¨ÙŠÙ‚,0
Apple,Soma.88,Needs an update,The app keeps crashing at times also the transfers via mobile number doesn't work,1,Bank Dhofar,0.0,the,1
Apple,Ø§Ù„Ø³ÙŠÙ Ø§Ù„Ù…Ø£Ø«ÙˆØ±,ÙˆÙ„Ø§ÙŠØ© Ø¹Ø¨Ø±ÙŠ,Ø¨Ù†Ùƒ Ø¸ÙØ§Ø± Ø§Ù„ÙˆØ­ÙŠØ¯ ÙÙŠ Ø§Ù„Ø³Ù„Ø·Ù†Ø© Ø§Ù„Ø°ÙŠ ÙŠØ£Ø®Ø° Ù…Ø¨Ù„Øº Ø¹Ù†Ø¯ Ø§Ù„ØªØ­ÙˆÙŠÙ„ Ø¹Ø¨Ø± Ø§Ù„Ù‡Ø§ØªÙ Ø§Ù„Ù†Ù‚Ø§Ù„ ØŒ Ù„Ù…Ø§Ø°Ø§ ØŸ ÙˆØ¨Ø§Ù‚ÙŠ Ø§Ù„Ø¨Ù†ÙˆÙƒ Ù„Ù… ØªØ£Ø®Ø° Ø£Ø¨Ø¯Ø§Ù‹.,1,Bank Dhofar,0.0,Ø¨Ù†Ùƒ,0
Apple,Sigmamanalive,Useless app,It doesnâ€™t work at all its useless app I tried to change things at the settings but it wont get right,1,Bank Dhofar,-0.10714285714285715,at,1
Apple,Yasriiiittii,Worst app,"Whatâ€™s this!! Half of the time the app is not accessible, this is very irritating!! This is a sign that I have to change the bank",1,Bank Dhofar,-0.38888888888888884,this,1
Apple,Ahhaalgh,Very bad application,Very bad application and laggy,1,Bank Dhofar,-0.9099999999999998,application,2
Apple,Shwakhie,Feedback,Ø§ÙˆÙ„ Ù…Ø±Ù‡ Ø§Ø´ÙˆÙ Ø¨Ø±Ù†Ø§Ù…Ø¬ Ø²Ø¨Ø§Ù„Ù‡ Ù„Ø°ÙŠ Ø§Ù„Ø¯Ø±Ø¬Ù‡,1,Bank Dhofar,0.0,,0
Apple,3.rarx,Ø³Ø³,ÙŠØ§Ø®ÙŠ Ø§Ù„ØªØ·Ø¨ÙŠÙ‚ Ù…Ùˆ Ø±Ø§Ø¶ÙŠ ÙŠØ­ÙˆÙ„ ÙÙ„ÙˆØ³ ÙˆÙ„Ø§ ÙŠØ³ÙˆÙŠ Ø´ÙŠ Ø­Ù„ÙˆØ§ Ø§Ù„Ù…Ø´ÙƒÙ„Ø©,1,Bank Dhofar,0.0,Ø§Ù„ØªØ·Ø¨ÙŠÙ‚,0
Apple,Ø·Ø§Ø±Ù‚Ù¡Ù¡Ù©Ù©Ù§Ù§Ù¥Ù¥,Personal shortcuts not working,Personal shortcuts page is not working There is a problem with the application,2,Bank Dhofar,0.0,is,1
Apple,zainad123@,Dosent work properly,bad app,1,Bank Dhofar,-0.6999999999999998,bad,2
Apple,Ø¹Ù…Ø§Ù†ÙŠ Ùˆ â€Ø¯Ù…ÙŠ ÙÙ„Ø³Ø·ÙŠÙ†ÙŠ,ØºÙŠØ± Ø¬ÙŠØ¯,Ù„ÙŠØ´ Ù…Ø§Ø´ÙŠ Ù„ØºØ© Ø¹Ø±Ø¨ÙŠØ© ÙÙŠ ØªØ·Ø¨ÙŠÙ‚,1,Bank Dhofar,0.0,ÙÙŠ,0
Apple,aljeneral1988,ØªØ§Ø±ÙŠØ® Ø§Ù†ØªÙ‡Ø§Ø¡ Ø§Ù„Ù‚Ø±Ø¶ Ù…Ø§Ù…ÙˆØ¬ÙˆØ¯,ÙØ§Ù„ØªØ·Ø¨ÙŠÙ‚ Ø§Ù„Ù‚Ø¯Ù… ÙƒØ§Ù† Ù…ÙˆØ¬ÙˆØ¯ ÙÙŠ Ù‡Ø°Ø§ ØºÙŠØ± Ù…ÙˆØ¬ÙˆØ¯ ÙˆÙƒØ«Ø± Ø®Ø¯Ù…Ø§Øª Ù…Ø§Ù…ÙˆØ¬ÙˆØ¯Ù‡ Ù†Ø­Ø¯Ø«Ù‡ ÙƒØ°Ø§ Ø¨Ø³ ÙØ§Ù„ÙØ§Ø¶ÙŠ Ù…Ø§ÙŠØ²ÙŠØ¯ Ø´ÙŠ Ù†Ø®Ø³Ø± ÙÙ„ÙˆØ³ Ø¨Ø³,5,Bank Dhofar,0.0,ÙÙŠ,0
Apple,LINISMAIL,Getting errors and previous version was better,Often facing issues with the application I need to process a transaction & getting error message etc,1,Bank Dhofar,0.0,need,1
Apple,Ø§Ù‡ØªÙ…ÙˆØ§ ÙÙŠÙ‡Ø§,Ù„Ø§ÙŠÙˆØ¬Ø¯ Ù„ØºØ© Ø¹Ø±Ø¨ÙŠØ©,Ø£Ø³ÙˆØ£ Ø¨Ø±Ù†Ø§Ù…Ø¬ Ø¨Ù†ÙƒÙŠ Ø¹Ù„Ù‰ Ø§Ù„Ø§Ø·Ù„Ø§Ù‚ ØŒ Ø­Ø³Ù†Ùˆ Ø§Ù„Ø¨Ø±Ù†Ø§Ù…Ø¬ Ù‚Ø¨Ù„ Ù„Ø§ Ù†Ù„ØºÙŠ Ø­Ø³Ø§Ø¨Ø§ØªÙ†Ø§ Ù…Ù† Ø¨Ù†ÙƒÙƒÙ… Ù†Ù‡Ø§Ø¦ÙŠØ§ ğŸ˜’ğŸ˜’,1,Bank Dhofar,0.0,Ù„Ø§,0
Apple,Ø®Ø¯ÙˆØ¬ Ø§Ù… Ø§Ù„ØµØ±ÙˆÙ…,Ø§Ø³ÙˆØ¡ Ø´ÙŠ,Ø³ÙŠØ¦ Ùˆ Ø¯ÙˆÙ…Ù‡ Ù…Ø¹Ù„Ù‚,1,Bank Dhofar,0.0,,0
Apple,Adil al Ismaili,Crush,"The app keeps on crushing, unable to login. No QAQC what so ever.",1,Bank Dhofar,-0.04999999999999999,login,1
Apple,Ø³Ù…Ø³Ù…ÙŠØªÙ‹,Ù‹,ÙˆØ´ Ø°Ø§ Ø§Ù„ØªØ·Ø¨ÙŠÙ‚ Ø§Ù„Ø®Ø§ÙŠØ³,1,Bank Dhofar,0.0,Ø§Ù„ØªØ·Ø¨ÙŠÙ‚,0
Apple,Si90410,Most of the time not working,"Very bad application, most of the time not working even after the latest update",1,Bank Dhofar,0.030000000000000065,the,1
Apple,A.yousufi,Ø§Ø³ÙˆØ§Ø¡ Ø¨Ø±Ù†Ø§Ù…Ø¬ Ø¨Ù†ÙƒÙŠ Ù Ø¹Ù…Ø§Ù† (Ø¨Ø¹Ø¯ Ø§Ù„ØªØ­Ø¯ÙŠØ«)Ø§Ù„ØªØ­ÙˆÙŠÙ„ Ø§Ù„ÙÙˆØ±ÙŠ Ù„Ø§ ÙŠØ¹Ù…Ù„ ÙˆØªÙ… Ø¹Ù…Ù„ Ø¨Ù„Ø§Øº Ø¨Ø¯ÙˆÙ† Ø§Ø³ØªØ¬Ø§Ø¨Ø© Ù„Ù„Ø§Ø³Ù,Ø§Ø³ÙˆØ§Ø¡ Ø¨Ø±Ù†Ø§Ù…Ø¬ Ø¨Ù†ÙƒÙŠ Ù Ø¹Ù…Ø§Ù† (Ø¨Ø¹Ø¯ Ø§Ù„ØªØ­Ø¯ÙŠØ«)Ø§Ù„ØªØ­ÙˆÙŠÙ„ Ø§Ù„ÙÙˆØ±ÙŠ Ù„Ø§ ÙŠØ¹Ù…Ù„ ÙˆØªÙ… Ø¹Ù…Ù„ Ø¨Ù„Ø§Øº Ø¨Ø¯ÙˆÙ† Ø§Ø³ØªØ¬Ø§Ø¨Ø© Ù„Ù„Ø§Ø³Ù,1,Bank Dhofar,0.0,Ù„Ø§,0
Apple,Fatma alwahaibi,Unable to use the app,Please check ur app,1,Bank Dhofar,0.0,please,2
Apple,AliBinHd,Doesnâ€™t work,Very bad app doesnâ€™t allow me to login and canâ€™t fix it with call center etc.,1,Bank Dhofar,-0.5049999999999999,doesn,2
Apple,S.i albalushi,Language!!,"How to change the language I couldnâ€™t find any option !
Please provide me how to",1,Bank Dhofar,0.0,to,1
Apple,malak meem,Bad,24 Ø³Ø§Ø¹Ù‡ ÙŠØªØ¹Ø°Ø± Ø§Ù„ØªØ­ÙˆÙŠÙ„ ÙˆÙƒÙ„Ù‡ Ø£Ø®Ø·Ø§Ø¡,1,Bank Dhofar,0.0,,0
Apple,Ø£Ù†Ø§ ÙÙ„Ø³Ø·ÙŠÙ†,Ø§Ù„Ø±Ø¬Ø§Ø¡ Ø§Ù„ØªØ¹Ø¯ÙŠÙ„,"Ø§Ù„Ø¨Ø±Ù†Ø§Ù…Ø¬ Ø´ÙƒÙ„ÙŠØ§Ù‹ Ø¬Ù…ÙŠÙ„ Ùˆ Ù„ÙƒÙ† Ø¹Ù…Ù„ÙŠØ§Ù‹ Ù…Ø¹Ù‚Ø¯ 
Ø§Ù„Ù‚Ø¨Ù„ÙŠ Ø§ÙƒØ«Ø± Ø³Ù„Ø§Ø³Ù‡ Ùˆ Ø³Ù‡ÙˆÙ„Ù‡ !!
Ø§Ù„Ù‰ Ø§Ù„Ø§Ù† Ù…Ø§ Ø¹Ø±ÙØª Ø§ØºÙŠØ± Ø§Ù„Ù„ØºÙ‡ Ø¨Ø­Ø«Øª ÙƒÙ„ Ù…ÙƒØ§Ù†
Ù…Ø¹ Ø§Ù† Ù‡Ø§Ù„Ø´ÙŠ Ù…ÙØ±ÙˆØ¶ Ù Ù‚Ø³Ù… ""Ø§Ù„Ø¶Ø¨Ø·"" Ø§ÙˆÙ„ Ø®Ø§Ù†Ù‡ !!!",2,Bank Dhofar,0.0,,0
Apple,Ø§Ù„Ø§Ø³Ø¯007,ğŸ‘ğŸ»,99%,4,Bank Dhofar,0.0,,0
Apple,Ibrahim AlBadi,Ø§Ù„ØªÙ†Ø¨ÙŠÙ‡Ø§Øª,ØªÙ†Ø¨ÙŠÙ‡Ø§Øª Ø§Ù„Ø¯Ø®ÙˆÙ„ Ù„Ø§ ÙŠÙ…ÙƒÙ† Ø§Ù„ØºØ§Ø¦Ù‡Ù†,2,Bank Dhofar,0.0,Ù„Ø§,0
Apple,Ø§Ù… Ø§Ù„Ø²ÙŠÙŠÙ†_,Ù…Ø¹Ù‚Ø¯ ÙˆØ§ÙŠØ¯ ÙˆÙƒÙ„ Ø§Ù„Ø­Ø³Ø§Ø¨Ø§Øª Ø§Ù„ÙŠ Ù…Ø¹ÙŠ Ø§Ù†Ø­Ø°ÙØª Ù…Ø§ Ø¹Ø±ÙØª Ø§ØªØµØ±Ù ÙÙŠÙ‡ Ø±Ø¬Ø¹Ùˆ Ø§Ù„ØªØ·Ø¨ÙŠÙ‚ Ø§Ù„Ù‚Ø¨Ù„ÙŠ Ø§Ø¨Ø±Ùƒ,Ù…Ø¹Ù‚Ø¯,1,Bank Dhofar,0.0,,0
Apple,Mohdreda1958,Ø§Ù„ØªØ­Ø¯ÙŠØ«,Ø¨Ø±Ù†Ø§Ù…Ø¬ Ù…Ø¹Ù‚Ø¯ Ø§Ø¹ØªÙ‚Ø¯ Ø§Ù„Ø³Ø§Ø¨Ù‚ ÙƒØ§Ù† Ø§Ø³Ù‡Ù„ ÙˆÙ…Ø±Ù†,3,Bank Dhofar,0.0,,0
Apple,Joseph__0xfffffff,A huge dislike for the new app,What a freaking stupid app. Get us the old version now!!!!â€™n,1,Bank Dhofar,-0.27792968749999997,what,1
Apple,kajsiwnhk,Ø±Ø¬Ø¹Ùˆ Ø§Ù„ØªØ·Ø¨ÙŠÙ‚ Ø§Ù„Ù‚Ø¯ÙŠÙ… ØªØ·Ø¨ÙŠÙ‚ Ø³ÙŠÙ‰Ø¡,ØªØ­Ø¯ÙŠØ« Ø³ÙŠØ¡ Ø¬Ø¯Ø§ Ø±Ø¬Ø¹Ùˆ Ø§Ù„ØªØ·Ø¨ÙŠÙ‚ Ø§Ù„Ù‚Ø¯ÙŠÙ… ÙˆÙ„Ø§ Ø¨Ù†ØºÙŠØ± Ø¨Ù†Ùƒ Ø«Ø§Ù†ÙŠ,1,Bank Dhofar,0.0,Ø¨Ù†Ùƒ,0
Apple,Ø³ÙŠØ³Ø±ÙˆÙ† Ø¨Ù† Ø³Ø¹ÙŠØ¯,Ù†Ø±Ø¬Ùˆ Ø­Ù„ Ø§Ù„Ø§Ø´ÙƒØ§Ù„,"Ù…Ø§ Ø±Ø¶Ù‰ ÙŠÙØªØ­ ÙÙŠ Ø§Ù„Ø§ÙŠÙÙˆÙ† Ø¨Ø±Ùˆ ÙØªØ­ ÙÙŠ Ø§Ù„Ø¨Ø¯Ø§ÙŠØ© ÙˆØ­Ø§Ù„ÙŠØ§ ØªÙˆÙ‚Ù .. ØªØ¹Ø·Ù„Øª
Ø¹Ù…Ù„ØªÙ… ØªØ­Ø¯ÙŠØ« ÙˆÙ…Ø§Ø²Ø§Ù„ Ø§Ù„Ø§Ø´ÙƒØ§Ù„ Ù…ÙˆØ¬ÙˆØ¯",1,Bank Dhofar,0.0,ÙÙŠ,0
Apple,omann443,Ù„Ø§ÙŠØ¹Ù…Ù„,Ø¨Ù†Ùƒ Ù…Ø³Ù‚Ø· ÙˆØ§Ù„Ø±Ø¨ Ø­Ø§ÙØ¸,1,Bank Dhofar,0.0,Ø¨Ù†Ùƒ,0
Apple,Ø·ÙŠØ¨ØŸ,Ø§ØªÙ…Ù†Ù‰ ØªØ¹Ù…Ù„ÙˆØ§ Ø¹Ù„Ù‰ ØªØ¹Ø¯ÙŠÙ„ Ø§Ù„Ù„ØºØ© Ø§Ù„Ø¹Ø±Ø¨ÙŠØ©,ÙˆÙŠÙ† Ø§Ù„Ù„ØºØ© Ø§Ù„Ø¹Ø±Ø¨ÙŠØ© Ø¨Ø§Ù„ØªØ·Ø¨ÙŠÙ‚ !!ØŸ Ø§Ù„Ù…ÙØ±ÙˆØ¶ Ø¨ÙƒÙˆÙ† ÙÙŠ Ø®ÙŠØ§Ø± ØªØºÙŠÙŠØ± Ø§Ù„Ù„ØºØ© Ø§Ù„ØªØ·Ø¨ÙŠÙ‚ Ø³ÙŠØ¦,2,Bank Dhofar,0.0,Ø§Ù„ØªØ·Ø¨ÙŠÙ‚,0
Apple,ÙˆÙ„Ø¯ Ø´Ù†Ø§Øµ,Ù„Ø§ ÙŠØ¹Ù…Ù„ Ù…Ø¹ÙŠ Ø§Ù„Ø¨Ø±Ù†Ø§Ù…Ø¬ Ø¨Ù†Ùƒ Ø¸ÙØ§Ø±,Ù„Ø§ ÙŠØ¹Ù…Ù„ Ù…Ø¹ÙŠ Ø§Ù„Ø¨Ø±Ù†Ø§Ù…Ø¬ Ø¨Ù†Ùƒ Ø¸ÙØ§Ø±,1,Bank Dhofar,0.0,Ø¨Ù†Ùƒ,0
Apple,jmajmahs,Ø§Ù„Ø´Ø±Ù‚ÙŠÙ‡,Ø§Ù„Ù„Ù‡ Ù„Ø§Ø¬Ø²Ø§ÙƒÙ… Ø®ÙŠØ± Ø§Ù†ØªÙˆ ÙˆÙŠØ§ Ù‡ØªØ­Ø¯ÙŠØ« Ù„ÙŠ ÙŠÙÙ‚Ø¹ Ø§Ù„ÙƒØ¨Ø¯,1,Bank Dhofar,0.0,,0
Apple,N.Abu-Ali,Ø§Ù„Ù„ØºØ© Ø§Ù„Ø¹Ø±Ø¨ÙŠØ©,Ù‡Ù„  Ø§Ø³ØªØ·ÙŠØ¹ Ø§Ù† Ø§ØºÙŠØ± Ø§Ù„Ù„ØºØ© Ø§Ù„Ø§Ù†Ø¬Ù„ÙŠØ²ÙŠØ© Ø§Ù„Ù‰ Ø§Ù„Ù„ØºØ© Ø§Ù„Ø¹Ø±Ø¨ÙŠØ©ØŸ,5,Bank Dhofar,0.0,,0
Apple,umroza,Ù†Ù‡Ø§Ø¯,Ù„Ù„Ø§Ø³Ù Ø§Ù„Ø¨Ø±Ù†Ø§Ù…Ø¬ Ø§Ù„Ø¬Ø¯ÙŠØ¯ Ù…Ø­Ù‰ Ø§ÙŠ Ø­Ø³Ø§Ø¨Ø§Øª Ù…ÙˆØ¬ÙˆØ¯Ø© Ø¨Ø§Ù„Ø¨Ø±Ù†Ø§Ù…Ø¬ Ø§Ù„Ù‚Ø¯ÙŠÙ… Ù…Ø¹Ù†Ù‰ Ø°Ù„Ùƒ Ø§Ù†Ù†Ø§ Ù†Ø±Ø¬Ø¹ Ù…Ù† Ø§Ù„Ø§ÙˆÙ„ Ù†Ø¶ÙŠÙ Ø§Ù„Ø­Ø³Ø§Ø¨Ø§Øª Ù…Ø±Ø© Ø§Ø®Ø±Ù‰ Ù„Ù„Ø§Ø³Ù Ø§Ù„Ø´Ø¯ÙŠØ¯,2,Bank Dhofar,0.0,Ù…Ù†,0
Apple,zairallayl,Ù„Ø§ ÙŠØ¯Ø¹Ù… Ø§Ù„ØºØ© Ø§Ù„Ø¹Ø±Ø¨ÙŠØ©,Ù„Ø§ ÙŠØ¯Ø¹Ù… Ø§Ù„ØºÙ‡ Ø§Ù„Ø¹Ø±Ø¨ÙŠØ©,3,Bank Dhofar,0.0,Ù„Ø§,0
Google,A Google user,,all too difficult. bb,1,Bank Dhofar,-0.5,too,0
Google,Anish Yadav,,I love this app,5,Bank Dhofar,0.5,this,2
Google,HisHighness Abdulla,,I noted your apologies but what happend after ? I feel guilty for opned a account in sohar international. back office service so.bad they are taking 3 to 4 weeks time for small paper work. after complaints there is not replay of emails....,1,Bank Dhofar,-0.1875,after,1
Google,Jamila Alharthi,,Ù…Ù…ØªØ§Ø²Ø©,5,Bank Dhofar,0.0,,0
Google,Md.Jumman Bepari,,"dear sohar international bank please add the mobile number change option in this apps,",1,Bank Dhofar,0.0,option,1
Google,Arvind Kumar Choudhary,,very good aap,5,Bank Dhofar,0.9099999999999999,very,3
Google,Janet Atieno,,went to the bank to change the new number since the number I used first is not active but still I can't access my account without OTP number which is being send in the old number this is draining ğŸ˜­.,1,Bank Dhofar,0.13825757575757575,number,1
Google,Paripelli Rupesh,,good,5,Bank Dhofar,0.7,good,3
Google,Deepak Yadav,,very good,5,Bank Dhofar,0.9099999999999999,very,3
Google,bangla desh,,nice app,5,Bank Dhofar,0.6,nice,2
Google,Waleed Albarwani,,"dear sohar bank team, Will you clarify why all the time the app dose not work? I just had enough I am moving to bank muscat instead..in critical times we want to transfer through the app and it say maintenance or doesn't work at all..",1,Bank Dhofar,0.0,work,1
Google,Muhamad Rafeek,,"Sohar Bank is improved a lot within the last year and achieved international standards. As an indian, i have experienced many benefits like there's no service fee for the international transfer to India and will be credited instantly , faster than any other bank in Oman. The mob app of Sohar bank is excellent, very easy and user friendly. The beneficieries via mob app can be added with minimum details and avtivated immediately.",5,Bank Dhofar,0.31133333333333335,and,1
Google,MUFEED RAHMAN.A,,still this bank services 1950 year . to much take time if need any service from Branch,1,Bank Dhofar,0.2,much,1
Google,Ayman Zadjali,,"1 star for there's no option for changing mobile number like bank muscat, I visited 2 times sohar international branch Souq Al Seeb but there staff are too busy they was dealing with 1 customer 2 hours I waited for them 3 hours but they didn't have time they are tooo slow, imagine I was waiting 3 hours for only changing the mobile number, If sohar international improve this option in application I'm going to thank them",1,Bank Dhofar,-0.04000000000000001,they,1
Google,Sabe Mirza,,very impressed ğŸ‘,5,Bank Dhofar,1.0,very,2
Google,Hajer Belochi,,not user friendly,1,Bank Dhofar,0.375,friendly,1
Google,Durga Ghimire,,Good,5,Bank Dhofar,0.7,good,3
Google,Vishal Manakkattu,,"Terrible. This is the worst banking app I have ever used. Whenever I need to log in, it takes too much time to load the login interface. The login time is also very slow. Transactions are also very slow. It needs to learn from other banking app developers in Oman. For example, Bank Muscat takes only seconds to log in and complete other transactions.",2,Bank Dhofar,-0.30333333333333334,to,1
Google,AGUSTIN SHAJI T,,good app,5,Bank Dhofar,0.7,good,3
Google,Parag V,,"App not responding most of the times. Frequent issues. Cannot use the app after latest udpate on WiFi, works only on mobile data",1,Bank Dhofar,0.275,on,1
Google,Thai lover lover,,Ø§ÙˆØ§Ø¬Ù‡ Ù…Ø´ÙƒÙ„Ø© Ø§Ù„ÙŠÙˆÙ… ÙÙŠ Ø§Ù„ØªØ·Ø¨ÙŠÙ‚ ÙˆÙ„Ø§ ÙŠÙ…ÙƒÙ†Ù†ÙŠ Ø§Ù„ØªØ³Ø¬ÙŠÙ„ Ø§Ùˆ Ø¥Ø±Ø³Ø§Ù„ Ø§Ù„Ø§Ù…ÙˆØ§Ù„,5,Bank Dhofar,0.0,Ø§Ù„ØªØ·Ø¨ÙŠÙ‚,0
Google,Naresh Ravi,,"I'm unable to recharge the Friendi or Oordee number via Sohar Bank app, please check the number, please fix.",3,Bank Dhofar,-0.5,please,1
Google,Muhammad Kaleemullah,,All Good but colour not suitable for day in app colour,5,Bank Dhofar,0.21249999999999997,all,1
Google,Omar faruk,,nice,5,Bank Dhofar,0.6,nice,0
Google,Muhammad Asif,,super Service and best Bank .,5,Bank Dhofar,0.6666666666666666,best,2
Google,BILAL KHAN,,my app is not working automatically stops. what is the issue.,2,Bank Dhofar,0.0,is,1
Google,ali ali,,good,3,Bank Dhofar,0.7,good,3
Google,Salim Al Hajri,,"It's stuck and not able to open the app. It's so useless and very inconvenient . Always, there's a glitch",1,Bank Dhofar,-0.3825,it,2
Google,Sam Kigozi s.,,"I changed phones and I have called the customer service team but they have not helped they say i reinstall app, which i have done twice but can't work. so for several days i cant transact. its awful",1,Bank Dhofar,-0.5,have,1
Google,Imran Jutt,,sir please Also include the method for changing the mobile number. add your mobile app,2,Bank Dhofar,0.0,mobile,1
Google,Muzaffar Jamil,,there should be an option to update mobile number,4,Bank Dhofar,0.0,be,1
Google,Fariborz Mansour-Ghanaei,,This application has problems such as freezing and not being able to log in easily.,5,Bank Dhofar,0.3111111111111111,as,1
Google,Sharif Rocke,,Nice,5,Bank Dhofar,0.6,nice,0
Google,Pintu Sheikh,,very good,4,Bank Dhofar,0.9099999999999999,very,3
Google,Sourav Barua,,nice oneğŸ‘,5,Bank Dhofar,0.6,nice,0
Google,Haider Al Lawati,,Great Bank and App!,5,Bank Dhofar,1.0,great,2
Google,GURUDAS SHANBHAG,,superrrrrr,4,Bank Dhofar,0.0,,0
Google,Abdul Jabbar,,Excellent,5,Bank Dhofar,1.0,excellent,0
Google,Muhammad Murshid,,Not working,1,Bank Dhofar,0.0,working,1
Google,Odiaka Uzorka,,Very nice app,5,Bank Dhofar,0.78,nice,2
Google,Osam Alawi,,"OTP received after 3 to 5 minutes and sometimes never If you do transactions over the weekend(eg from Bank Muscat to SIB via IBFT) Account never updated many other issues.. with this bank Hence go from worst to bad, try Bank Muscat",1,Bank Dhofar,-0.33124999999999993,from,1
Google,Amr Abulmaged,,"The bank app has new features I'm not recommended at all. Don't ever think of using the app for flight booking. That's my experience. Took almost a week to get a ticket, even the payment done immediately after submission. Awful experience",1,Bank Dhofar,-0.4318181818181818,experience,1
Google,Fakrul Islam,,Good,5,Bank Dhofar,0.7,good,3
Google,sreekutty t.s,,"Am satisfied with app, especially international &gcc transaction but cannot make payment to the nri account",5,Bank Dhofar,0.25,am,1
Google,XAVIER MARIYADAS,,EXLANNT,5,Bank Dhofar,0.0,,0
Google,Shaikh Mohammad Nadeem,,Great and so easy to work and any transaction I loved it,5,Bank Dhofar,0.6444444444444445,and,2
Google,Hamburg Castle,,This is great apps and bunk,5,Bank Dhofar,0.8,great,2
Google,MAHENDRAN SEEMAAN,,Still lot of issues facing this app! Even debit card show bad card! Wrost experience then ever!,1,Bank Dhofar,-1.0,card,2
Google,Zunair Jutt,,Nice,5,Bank Dhofar,0.6,nice,0
Google,Deepu krishna K,,"I cant transfer fund to india, option for india in beneficiary is not showing",1,Bank Dhofar,0.0,option,1
Google,om prakash,,excellent service ğŸ’¯,5,Bank Dhofar,1.0,excellent,0
Google,ayub raja,,Very good,5,Bank Dhofar,0.9099999999999999,very,3
Google,ROMMAN AHMED,,Good,5,Bank Dhofar,0.7,good,3
Google,Shahnoor Mehr,,Excellent Banking,5,Bank Dhofar,1.0,excellent,0
Google,Raees Pcv,,Good app,5,Bank Dhofar,0.7,good,3
Google,Sourav,,"Initially the service was good to grasp customers. But recently it is noted that they are recruiting under experienced staffs for customer service who don't or unable to answer most of the queries. The response they provide is raise it in the App and it will be resolved. When I raise it app, I get a response contact the bank for support. If this is the response for every query is raise then what is the requirement to have a customer service???",2,Bank Dhofar,0.25,the,1
Google,Rashid Ali,,Good,3,Bank Dhofar,0.7,good,3
Google,Islampur Gaibandha,,"It's very bad experience, When i gonna opn the apps it's automaticly crush.",3,Bank Dhofar,-0.9099999999999998,it,2
Google,Mohamed Hassan Soorow,,I'm interested,5,Bank Dhofar,0.25,,0
Google,Khalid Al Maamari,,"Great app saves me a lot of time, and I can do all banking services through it.",5,Bank Dhofar,0.8,great,2
Google,Basharat Ali,,Good service,5,Bank Dhofar,0.7,service,3
Google,Harikeshsingh Yadav,,Very good app and banking sohar international best in Oman okay ğŸ‘,5,Bank Dhofar,0.6025,oman,2
Google,Mohammad Rasal,,Verry good sarvice,5,Bank Dhofar,0.7,good,3
Google,MR nowshad khan,,Good,4,Bank Dhofar,0.7,good,3
Google,HARI NAIK,,very much disappointing services,1,Bank Dhofar,-0.6,much,2
Google,Hamid Khan,,This is very good application,5,Bank Dhofar,0.9099999999999999,application,2
Google,ja3fer ja3fer,,Ø³Ø¦ Ø¬Ø¯Ø§,1,Bank Dhofar,0.0,,0
Google,Omani Omani,,Very professional and easy to use. Thanks Sohar international bank ğŸ‘ğŸ»,5,Bank Dhofar,0.19083333333333335,easy,2
Google,Seyed Mostafa Sekhavati,,"Good appearance but lots of problem. For example: you can't delete any beneficiary, if try for that you would drop on a awful loop with no consequences.",2,Bank Dhofar,-0.15000000000000002,you,1
Google,Abu Qabis Trading,,Best bank,5,Bank Dhofar,1.0,best,2
Google,Mohamed Daha,,Very satisfied sohar international bank,5,Bank Dhofar,0.325,international,2
Google,Sensei Kumar,,Everywhere free transfer,4,Bank Dhofar,0.4,transfer,0
Google,kumar,,Very bad app and worst customer service,1,Bank Dhofar,-0.9549999999999998,customer,2
Google,Grandpower Amrat,,It's better system to fast,5,Bank Dhofar,0.35,it,1
Google,Afroz Siddque,,Good app,5,Bank Dhofar,0.7,good,3
Google,Said Al-Naamani,,Keep it up bank sohar and good luck,5,Bank Dhofar,0.7,sohar,2
Google,Riaz Abdul,,"The app gets hanged very frequently, even after updating many times.",2,Bank Dhofar,0.315,many,2
Google,Bright Bennett,,Practical,5,Bank Dhofar,0.0,,0
Google,Haris Muccadam,,Amazing app Very easy to use ğŸ‘Œ !,5,Bank Dhofar,0.6520833333333333,easy,2
Google,Jamil Alriyami,,Not stable,2,Bank Dhofar,0.0,not,1
Google,Masoud Alghaithi,,"The best available, genuinely unique level",5,Bank Dhofar,0.5916666666666667,best,1
Google,El King Maged,,Nice App,5,Bank Dhofar,0.6,nice,2
Google,Md jakir Hossain,,Nice,5,Bank Dhofar,0.6,nice,0
Google,Mohammed Abdallah,,Too much time taking to verify installing process.,1,Bank Dhofar,0.2,much,0
Google,Mbrpakquriyat,,Good luck,5,Bank Dhofar,0.7,good,3
Google,Mejbah Sagor,,nice,5,Bank Dhofar,0.6,nice,0
Google,Nawazish Ali,,Nawazish Asi good service,5,Bank Dhofar,0.7,service,3
Google,Arman Arman,,Alhamdulillah good app,5,Bank Dhofar,0.7,good,3
Google,Salim Man,,ØªØ­Ø³Ù† Ø§Ù„ØªØ·Ø¨ÙŠÙ‚ Ø¨Ø´ÙƒÙ„ ÙƒØ¨ÙŠØ± ÙÙ‚Ø· ÙÙŠÙ‡ ØªÙˆØ¬Ø¯ Ù…Ø´ÙƒÙ„Ø© Ø¨Ø³ÙŠØ·Ø© Ø¹Ù†Ø¯ ØªØ³Ø¬ÙŠÙ„ Ø§Ù„Ø®Ø±ÙˆØ¬ Ø§Ù„ØªØ·Ø¨ÙŠÙ‚ ÙŠØªÙˆÙ‚Ù Ø¹Ù† Ø§Ù„Ø¹Ù…Ù„,4,Bank Dhofar,0.0,Ø§Ù„ØªØ·Ø¨ÙŠÙ‚,0
Google,Rashid KV,,APPLICATION IS NOT OPENING AT ALL....,1,Bank Dhofar,0.0,at,1
Google,Mohammed Imran,,Nice,5,Bank Dhofar,0.6,nice,0
Google,Irshad ansari,,Sohar international is very good bank,5,Bank Dhofar,0.45499999999999996,international,2
Google,ALAM JAHANGIR,,Very good Mobile banking â¤ï¸â¤ï¸â¤ï¸ğŸŒ¹ğŸŒ¹ğŸŒ¹ğŸ’ğŸ’ğŸ’,5,Bank Dhofar,0.9099999999999999,mobile,3
Google,Jabed Vai,,Nice App,5,Bank Dhofar,0.6,nice,2
Google,Wajid Mohammed,,"The new app is useful, but after making each payment, it will not be responsive unless you re login again.",4,Bank Dhofar,0.21818181818181817,login,1
Google,Krishna Moorthy,,Good,5,Bank Dhofar,0.7,good,3
Google,Muhammad Haris,,Amazing app,5,Bank Dhofar,0.6000000000000001,app,2
Google,A. Malik Al Balushi,,Perfect banking,5,Bank Dhofar,1.0,banking,0
Google,Sharin Shahin,,Very good,5,Bank Dhofar,0.9099999999999999,very,3
Google,sanjay shah,,Superb ğŸ‘ŒğŸ‘ŒğŸ‘ğŸ‘,5,Bank Dhofar,1.0,,0
