review_id,user_name,review_title,review_text,date,rating,source,label,country_code
feafd34d-ca05-4551-a1ed-a5589325bf80,ØªÙ†Ø¨ÙŠÙ‡ Ø¹Ø§Ø¬Ù„,Ø¨Ù†Ùƒ ØµØ­Ø§Ø±,Ø§Ù„Ø¨Ø±Ù†Ø§Ù…Ø¬ Ø¨Ø·Ø¦ Ø¬Ø¯Ø§ Ù„Ù„Ø§Ø³Ù ÙŠØ§ Ø¨Ù†Ùƒ ØµØ­Ø§Ø±,2025-06-14T01:15:24-07:00,1,Apple App Store,app_store,om
86795742-528d-4342-bdb4-02ba2d696caf,Chittigopi,Update not happening,Iâ€™m unable to update the application,2025-06-04T23:33:07-07:00,1,Apple App Store,app_store,om
4bb3dc01-520f-4cbe-bb2d-587363117362,Dru.3,App not updating..unable to access,Iâ€™ve been trying to update the app since yesterday.. itâ€™s not updating. Kindly solve the issue since I need urgent access to the app.,2025-06-04T12:36:40-07:00,3,Apple App Store,app_store,om
024bbf7f-d3d6-4727-9b24-3f51afa73f74,"4,800y",Ø®Ø·Ø£ ÙÙŠ ØªØ³Ø¬ÙŠÙ„ Ø§Ù„Ø¯Ø®ÙˆÙ„,ÙŠÙˆØ¬Ø¯ Ø®Ø·Ø£ ÙÙŠ ØªØ³Ø¬ÙŠÙ„ Ø§Ù„Ø¯Ø®ÙˆÙ„ ÙˆÙƒÙ„Ù…Ø© Ø§Ù„Ù…Ø±ÙˆØ± Ø§Ù„Ø±Ø¬Ø§Ø¡ Ù…Ø±Ø§Ø¬Ø¹Ø© Ø¢Ø®Ø± ØªØ­Ø¯ÙŠØ« Ù„Ù„Ø¨Ø±Ù†Ø§Ù…Ø¬ ØŒØŒØŒ,2025-05-02T12:31:24-07:00,2,Apple App Store,app_store,om
92b6ac85-f6bd-41d7-940c-17717be5a5d5,Rufuku,Transfer not possible,With the new update Iam not able to transfer and OTP comes late-Please check the system,2025-04-30T02:41:31-07:00,3,Apple App Store,app_store,om
6bb3dcdc-2eaa-4228-a4f8-705702fa8fcc,SoooooooiÃ¶ti,When adding beneficiaries no save button,Please fix,2025-04-07T10:40:38-07:00,1,Apple App Store,app_store,om
f9d7c7f5-d83d-49bc-b806-a1f9208aa2b6,Anqoodi,The worst Bank in Oman,To solve any issue they need ages & there is no update at all regarding your issue unless you call or visit any branch which will be full day activity I donâ€™t recommend anyone to open an account on this Bank from real bad experience,2025-03-06T03:09:21-07:00,1,Apple App Store,app_store,om
d09aec73-5523-4298-a018-4f59012280f9,Mr.Fartoro,"Smooth, Fast & Convenient Banking","Opening an account with Bank Sohar has never been easier! Their mobile application allows you to open an account effortlessly, without the need to visit a branch. The process is quick, user-friendly, and requires minimal documentation.

One of the best features is the doorstep delivery of debit/credit cards, saving time and adding convenience. Additionally, online shopping is smooth and fast, with secure transactions and seamless payment processing, ensuring a hassle-free experience.

With its innovative digital services, excellent customer support, and commitment to convenience, Bank Sohar is a top choice for modern banking. Highly recommended!",2025-02-01T04:26:11-07:00,5,Apple App Store,app_store,om
201d6280-dac0-4b1b-aef3-69141f055927,ÙØ§Ø±ÙˆÙ‚ Ø§Ø¨Ùˆ Ø¹Ù…Ø±,Ø¨Ù†Ùƒ ØµØ­Ø§Ø± Ø§Ù„Ø¯ÙˆÙ„ÙŠ,"Ø¨Ù†Ùƒ ØµØ­Ø§Ø± Ø§Ù„Ø¯ÙˆÙ„ÙŠ 
Ù…Ù…ØªØ§Ø² Ø¬Ø¯Ø§Ù‹",2025-01-05T13:47:48-07:00,5,Apple App Store,app_store,om
7794b07c-0ad0-4d86-af72-14c790e41609,syedahmer66,Update KYC failure,"I am unable to update my kyc details. The app takes pics of card, verify my face, even pull data from ROP and at the final proceed button it failed and asking me to visit newrest branch. Very disappointed",2024-12-25T00:29:49-07:00,1,Apple App Store,app_store,om
2bc7d9d8-7d65-4632-af82-40bef5fb1d81,Alqarooty,Mobile transfer,I canâ€™t make username for phone number transfer I tried many different names but it doesnâ€™t work,2024-11-21T12:34:30-07:00,1,Apple App Store,app_store,om
eb278356-00f3-4aa3-804e-a6443ef7ed2f,26Akansha,Very easy and user friendly,I have 3 banks app in Oman and this app is best to use because of its simplicity. Big fan of Monthly Planner feature of the app.,2024-10-30T11:24:42-07:00,5,Apple App Store,app_store,om
4928c25e-abcc-47cf-b278-c287587d0895,DeepakLC,Awesome,Itâ€™s good banking application which serve my purpose,2024-10-29T23:51:12-07:00,5,Apple App Store,app_store,om
dcd4027e-6232-4d2d-a3c0-0329434abbd6,Haider.Khamis,Seamless!,"Easy, convenient and user friendly",2024-10-29T23:17:18-07:00,5,Apple App Store,app_store,om
44a2bc33-8213-4992-9e88-3c1fbc780534,Ibrahim Al Brashdi,User Friendly,"Sohar Internationalâ€™s App is very user friendly, fast and has all the essential features for banking on the go!",2024-10-29T23:10:39-07:00,5,Apple App Store,app_store,om
6b468a99-ef4c-4a1d-a11e-615b5d50cde1,Saeed Ali H,Excellent App,It is truly a first class practical application that meets all the banking needs of individuals.,2024-10-29T22:36:13-07:00,5,Apple App Store,app_store,om
942c7915-437b-4458-ac20-226c37108747,Ø›@52738383&&Ø›&Ø›ï·¼.ï·¼.:&&:&,ÙØ§Ø¹Ù„ Ø®ÙŠØ±,Ù„Ù…Ø§Ø°Ø§ Ù„Ø§ ÙŠÙ…ÙƒÙ† ÙØªØ­ Ø­Ø³Ø§Ø¨ Ø¹Ù† Ø·Ø±ÙŠÙ‚ Ø§Ù„ØªØ·Ø¨ÙŠÙ‚ Ø¨Ø¯Ù„ Ù…Ø§ Ù†Ø±ÙˆØ­ Ù„Ù„ÙØ±Ø¹ØŸ,2024-10-29T01:18:42-07:00,4,Apple App Store,app_store,om
93870f51-4e3b-4a53-a195-f5dc3f425b59,Nicky1379@,Amazing!!,Amazing!!,2024-10-14T03:35:44-07:00,5,Apple App Store,app_store,om
e57ceaf1-6a56-4e2d-adab-72f1e91ecd19,aaaaziz87,Good application,Fast and good,2024-10-12T23:09:59-07:00,5,Apple App Store,app_store,om
b29ce6c8-a6e1-44c5-87eb-8840dcf29b7e,Abdullahâ€¦â€¦â€¦,Beyond banking,The only banking app in Oman providing beyond banking services.,2024-10-12T22:54:44-07:00,5,Apple App Store,app_store,om
15d7e0b7-3d62-4c28-976c-3bde32c3bde3,HamedAS,Application,This application is the best bank app in oman,2024-10-12T22:49:46-07:00,5,Apple App Store,app_store,om
0cf4352b-0eab-415a-ab45-137458b0cd92,Yousuf552,Best App in banking sector,Iâ€™m amazed about the extra services outside the banking which gives me the ability to enjoy seamless experience.,2024-10-12T22:48:37-07:00,5,Apple App Store,app_store,om
74b567e3-f689-4428-81d0-4a5a7315853d,bravo sun,Poor banking,"Poor banking applications in this advanced world using this bank services and bank work hour timings are like early 2000â€™s ! when you want to transfer. bank will say outside working hours, does Thursday 12pm is outside working hours? Poor services i would like to quit using this bank.",2024-08-29T04:30:51-07:00,1,Apple App Store,app_store,om
536cbe51-238d-42e5-81a5-364bb2806fde,imc360,Well done !!,"SI well done super app very user friendly !!! And quick loving it !!! 

Beneficiary Adding super quick payment online I would say best in oman for me . 

Excellent service guys !!!!",2024-06-03T22:56:57-07:00,5,Apple App Store,app_store,om
6d9eada0-6a94-4fda-b793-639f33892c9d,FR201098,The best banking application,Very user friendly application,2024-05-22T23:16:29-07:00,4,Apple App Store,app_store,om
f693b76d-c77f-4db3-93a7-eb31789e2aaf,"H1010""",Great app with loads of features,"Latest update have nice new features , easy to use",2024-05-18T19:37:51-07:00,5,Apple App Store,app_store,om
ed9e4508-78a1-4671-91d5-1c7fb177a906,Asadbm,App Rating,Amazing app and amazing features.,2024-05-18T05:57:34-07:00,5,Apple App Store,app_store,om
4b3243d5-08f7-4e03-aa0b-e365eb4aaa77,Ø§Ù„Ø§Ù…ÙŠÙ†00,ØŸØŸØŸ,"Entering the program has become difficult for a person, and it is unfortunate that I have to wait for a period in vain to enter the program. Things have become more complicated to enter the program. I have an iPhone 13 phone, bro. I find it difficult to enter the program.",2024-04-24T10:23:27-07:00,1,Apple App Store,app_store,om
e30d3e19-fc87-4a01-8400-fc1d13565fa1,.Diplomat..((XOX))..Engineer.,Always stuck,"I canâ€™t login to the app always fail , I tried to delete it and installed again but no use, it always says to me your phone not meeting the minimum security requirement! Iam using iphone 14pro max and not jailbreaking ! So what else i need to provide???",2024-04-23T11:51:34-07:00,1,Apple App Store,app_store,om
ba9c9ab6-c0a8-40dc-b592-96dfc5f5fbb9,ÙˆÙ„ÙŠØ¯ Ø§Ù„Ø­ÙˆØ³Ù†ÙŠ,Minimum security requirements error,"Dear developers
Hope you are doing well
When i open the app it shows an error that my mobile phone does not meet the Minimum security requirements.

My phone is Iphone 15 pro max 
IOS 17.4.1",2024-04-22T12:26:20-07:00,2,Apple App Store,app_store,om
83c2f9d5-eece-44c8-a316-86713c61669a,just4me999,Ø­Ø³Ø§Ø¨Ø§Øª Ø§Ù„Ø§Ø·ÙØ§Ù„,Ù„Ù…Ø§Ø°Ø§ Ù„Ø§ ÙŠÙˆØ¬Ø¯ Ø±Ø¨Ø· Ø¨ÙŠÙ† Ø­Ø³Ø§Ø¨Ø§Øª Ø§Ù„Ø§Ø·ÙØ§Ù„ ÙˆÙˆÙ„ÙŠ Ø§Ù„Ø§Ù…Ø± Ù„ØªØ³Ù‡ÙŠÙ„ Ø§Ù„Ù…Ø¹Ø§Ù…Ù„Ø§Øª Ø§Ù„Ù…Ø§Ù„ÙŠØ© Ø§Ù„Ø§Ù„ÙƒØªØ±ÙˆÙ†ÙŠÙ‡ ÙˆØ§Ù‡Ù…Ù‡Ø§ ØªØ­ÙˆÙŠÙ„ Ø§Ù„Ø§Ù…ÙˆØ§Ù„,2024-04-17T22:26:04-07:00,1,Apple App Store,app_store,om
00ebde19-2ef7-45e1-93dc-da1942f979ed,Ø¨Ù† ØµØ¹Ø±,Wealth Management Customer Unable to Register,"Unfortunately, I opened VIP account and always my ID Number being rejected to register for this app. Call center unable to support.",2024-03-21T08:58:43-07:00,1,Apple App Store,app_store,om
2deec23b-ef8b-42bc-9edd-7dee7de1947e,conrad721,App not opening in the Philippines,Why?,2024-01-22T07:34:37-07:00,3,Apple App Store,app_store,om
1a69140c-c35c-4768-a989-1a93a88cfa5a,lahibnar,Bad app,"I canâ€™t recharge my prebaid card pay use app
Already i call central number but still issue not solve",2024-01-04T02:57:26-07:00,1,Apple App Store,app_store,om
87ff7c2a-6cb7-4462-a65e-e3d9bd8bbc41,amer994656,ØªØ­ÙˆÙŠÙ„Ø§Øª Ø¨Ù†ÙƒÙŠÙ‡ Ø¨Ø¯ÙˆÙ† Ø±Ø³ÙˆÙ…,Ø§Ù„Ø¨Ù†Ùƒ Ù…ØªÙ…ÙŠØ² Ù…Ù† Ù†Ø§Ø­ÙŠÙ‡ Ø§Ù„ØªØ­ÙˆÙŠÙ„Ø§Øª Ø¨Ø¯ÙˆÙ† Ø±Ø³ÙˆÙ… Ùˆ Ù‡Ø°Ø§ Ù…Ø§ Ø¬Ø¹Ù„Ù†ÙŠ Ø§ÙØªØ­ Ø­Ø³Ø§Ø¨Ø§Øª Ù„ÙŠ Ùˆ Ù„Ø§Ù‡Ù„ÙŠ ÙÙŠ Ø§Ù„Ø¨Ù†Ùƒ Ø§ØªÙ…Ù†Ù‰ Ø§Ø³ØªÙ…Ø±Ø§Ø± Ù‡Ø°Ù‡ Ø§Ù„Ù…ÙŠØ²Ù‡,2023-12-11T06:14:42-07:00,5,Apple App Store,app_store,om
224df4b0-ad65-4380-b021-a4f5cda7684a,Hajir Fajwani,WORST APP,This is the worst mbanking application!!!! I transferred money to my bank Muscat account it has been 15 days I still haven't gotten my money in my bank muscat account (this has happened to me multiple times before!) I have been trying to transfer money to another account and it doesnt work! My work keeps on getting delayed because of how BAD THIS APPLICATION IS!,2023-11-11T10:21:53-07:00,1,Apple App Store,app_store,om
a021f25c-9912-432c-b121-c3ab6ecde322,Adnan7177,Ø®Ø¯Ù…ØªÙ‡ Ø³ÙŠØ¦Ù‡ Ø¬Ø¯Ø§,Ù„Ø§ ÙŠÙˆØ¬Ø¯ Ø®Ø¯Ù…Ø© Ø¹Ù…Ù„Ø§Ø¡ Ùˆ Ø¨Ø·Ø§Ù‚Ù‡ ØªØ´ÙƒÙ„ Ùˆ Ø§Ù‚Ù„ Ø­Ø§Ø¬Ù‡ Ø¥Ø°Ø§ Ø¹Ù†Ø¯Ùƒ Ù…Ø´ÙƒÙ„Ù‡ ØªØ¬Ù„Ø³ Ù£ Ø§ÙŠØ§Ù… Ø¹Ø´Ø§Ù† ØªÙ†Ø­Ù„,2023-09-19T07:57:16-07:00,1,Apple App Store,app_store,om
d5cf5336-1bfe-474c-ba1d-dc9cd7a51a9e,Naveen singhhhh,Worst ever bank,Iâ€™ll send my money to india it  take 4 days ! Reallly this app is sucks ! Even after  recieving msg of successful transaction from my side but receiver still not got any notifications or money ? IM GOING BANK RIGHT NOW TO REFUND MY MONEY AND CLOSE THIS BANK,2023-09-03T02:39:30-07:00,1,Apple App Store,app_store,om
4022bca4-db7d-4b81-a185-156312672470,Zâ€™Din,Very bad option,"Pls donâ€™t share customer care number when you know that the call is not freeâ€¦.. waiting long time to pick a call, this means sohar bank is working as agent to telecom companies.

Not even having free CC call",2023-08-29T12:05:06-07:00,1,Apple App Store,app_store,om
ba5328d7-97ab-4d5d-9cff-0ea0a3716d04,ZK.Loshi,Problem to to previous page with Back arrow in iphone 14,"I'm using iPhone 14 and I have a hard time going from the back button to the previous page, I have to press the back button repeatedly.  Hope Bank Sohar will fix this problem.",2023-04-03T21:07:33-07:00,3,Apple App Store,app_store,om
200d7a43-51c9-4818-9882-e6fb82b127fe,amutga,Ù…Ø´ÙƒÙ„Ø© Ø¹Ø¯Ù… ÙØªØ­ Ø§ÙŠÙ‚ÙˆÙ†Ø© Ø§Ù„Ø¨Ø·Ø§Ù‚Ø§Øª ÙÙŠ Ø§Ù„ØªØ·Ø¨ÙŠÙ‚,"ØªÙˆØ¬Ø¯ Ù…Ø´ÙƒÙ„Ù‡ Ø¹Ù†Ø¯ ÙØªØ­ Ø§ÙŠÙ‚ÙˆÙ†Ù‡ Ø§Ù„Ø¨Ø·Ø§Ù‚Ø§Øª ÙÙŠ Ø§Ø³ÙÙ„ Ø§Ù„ØªØ·Ø¨ÙŠÙ‚ .. Ù„Ø§ÙŠÙ…ÙƒÙ† Ø±Ø¤ÙŠØ© Ø§Ù„Ø¨Ø·Ø§Ù‚Ø§Øª Ø§Ù„Ø§Ø¦ØªÙ…Ø§Ù†ÙŠØ© ÙˆØ¯ÙØ¹ Ø§Ù„Ù…Ø³ØªØ­Ù‚Ø§Øª 

Ø§Ø±Ø¬Ùˆ Ø­Ù„ Ø§Ù„Ù…Ø´ÙƒÙ„Ù‡ ÙˆÙ„ÙƒÙ… Ø¬Ø²ÙŠÙ„ Ø§Ù„Ø´ÙƒØ±",2023-03-07T05:19:54-07:00,2,Apple App Store,app_store,om
9ce7dd76-cf54-4f1f-a368-1115aa2e01ac,Alhashmi noor,I cannot register my account in app,I cannot register my account on app,2023-01-24T03:21:16-07:00,1,Apple App Store,app_store,om
a6844f04-3ee0-4064-bad3-dc7342f486b3,Snakeye10000,International transfer,Been asking for the last 3 month to rectify the glitch in the app for international transfer. Very bad response. Still waiting,2022-12-22T00:29:41-07:00,1,Apple App Store,app_store,om
461efbdb-7f73-4862-b8f3-33bb3db9befd,ÙŠÙˆØ³Ù Ø§Ù„Ø´Ø¹ÙŠÙ„ÙŠ,Ø§Ù„ØªØ·Ø¨ÙŠÙ‚ Ù…Ø§ Ø¹Ù„ÙŠÙ‡ ÙƒÙ„Ø§Ù…,Ø§Ø¹Ø¬Ø¨Ù†ÙŠ Ø³Ù„Ø§Ø³Ø© Ùˆ Ø³Ø±Ø¹Ø© Ùˆ Ø§Ù„Ø¨Ø³Ø§Ø·Ø© ÙÙŠ Ø§ØªÙ…Ø§Ù… Ø§Ù„Ù…Ø¹Ø§Ù…Ù„Ø§Øª Ø¨Ø³ Ø­Ø§Ø¬Ù‡ ÙˆØ­Ø¯Ø© Ù†Ø§Ù‚ØµÙ†Ù‡ Ù„Ùˆ ÙŠØ¶ÙŠÙÙˆ Ø§Ù„Ø¨Ø·Ø§Ù‚Ø© Ø§Ù„Ø§Ù„ÙƒØªØ±ÙˆÙ†ÙŠØ© Ø§ÙŠ Ø§Ù„Ø¯ÙØ¹ Ø¹Ù† Ø·Ø±ÙŠÙ‚ Ø§Ù„ØªØ·Ø¨ÙŠÙ‚ ÙÙŠ Ø§Ù„Ù…Ø­Ù„Ø§Øª Ùˆ Ù†ØªÙ…Ù†Ù‰ Ù„ÙƒÙ… Ø§Ù„ØªÙˆÙÙŠÙ‚ Ùˆ Ø§Ù„ØªØ·ÙˆØ±,2022-11-24T04:59:56-07:00,5,Apple App Store,app_store,om
438c4205-7183-4764-a3b2-4528b07e2441,K Siyabi,Update the Layout,"I am facing  troubles while using the app. The new update iOS 16 isnâ€™t friendly with your app. Kindly , improve the layout to go along with the new update .",2022-11-21T02:11:25-07:00,2,Apple App Store,app_store,om
22ea1ae9-5371-4942-9e2a-7543870840e4,Zakiya Al Amri,One of the Best,"There is a lot of enhancements and functionalities within the App. Iâ€™m happy I can extract my Banking Statement in PDF.

Looking for more enhancements and services.",2022-10-17T00:34:45-07:00,5,Apple App Store,app_store,om
eb834646-5216-4d93-b39c-2a3bac0e1ada,Al raisi-oman,Paying through app using virtual card,Need to see option in sohar app that customers can pay any transactions through app by scanning digital card in sohar app . Most of banks in GCC they are using it . No need to use your actual cards only though digital card through app.,2022-09-01T15:14:48-07:00,3,Apple App Store,app_store,om
a6ec63b1-f1b7-4380-aa79-f8c2c7541fc8,wafaa8989,Wafaa8989,Very smooth and helpful app,2022-08-07T21:51:08-07:00,5,Apple App Store,app_store,om
8167b29c-82c3-4793-889f-777e95dc6afb,Shakil Al Balushi,Excellent and easy use app,Smooth and comprehensive app covering most important transactions and activities,2022-08-07T21:46:12-07:00,5,Apple App Store,app_store,om
9af01b30-3a83-4571-8aad-b7dd78a60b95,Usama_83,Excellent app,Excellent app,2022-07-21T08:37:42-07:00,5,Apple App Store,app_store,om
c5934de3-bb5c-4e3b-9ca2-0e8233e83484,$n!per x,Prepaid card,Prepaid card not working in the application,2022-04-13T03:46:54-07:00,1,Apple App Store,app_store,om
9898dcd1-15f9-469a-8242-065fb6e5f14d,maslovelove,Best Mobile banking in Oman,"The best applications in banking services that I have used until this moment. Ease of transfers, ease of receiving money, ease of managing transfers and scheduling transfers, ease of account statements, and speed of transferring to any local bank simultaneously without waiting for an immediate and fast transfer. I recommend that you do not wait.",2022-03-03T08:05:00-07:00,5,Apple App Store,app_store,om
202933fe-763f-466c-bb96-fac01b8acdae,alajmi.93,Ø³ÙŠØ¡,Ø³ÙŠØ¡ Ø¬Ø¯Ø§ØŒ Ø­Ø§ÙˆÙ„Øª ÙƒÙ… Ù…Ø±Ø© Ø§Ø³Ø¬Ù„ ÙÙŠÙ‡ ÙˆÙ…Ø§ ØµØ§Ø± ÙˆØªÙˆØ§ØµÙ„Øª Ù…Ø¹ Ø§Ù„Ø¨Ù†Ùƒ ÙˆÙ…Ø§ ØªØºÙŠØ± Ø´ÙŠ,2022-02-07T23:29:05-07:00,1,Apple App Store,app_store,om
0993e1ed-05f1-4b59-969a-8e62b6b27798,mdalrawahi,ÙƒØ«ÙŠØ± Ù…Ù† Ø§Ù„Ø®Ø¯Ù…Ø§Øª Ù„Ø§ÙŠÙˆÙØ±Ù‡Ø§ Ø§Ù„ØªØ·Ø¨ÙŠÙ‚,"Ù¡- ÙƒØ´Ù Ø­Ø³Ø§Ø¨ Ù…ÙØµÙ„
Ù¢- â€¦.
Ù£-â€¦..",2021-12-26T01:49:05-07:00,1,Apple App Store,app_store,om
c948bda5-976d-4743-8f98-f0da4739cf62,Musthin,Login issues and limited transaction,"The app has limited features as well it has a technical issues especially when you try to login into the app. 
Technical team at call center is not responding to calls to understand customer issues and learn from their experiences.",2021-07-28T19:07:04-07:00,2,Apple App Store,app_store,om
8caa9013-6207-460b-99fe-b92abb59c052,Prasu@1031,Poor performance,"After this new updated app, more bugs, crashing several times & more over that unable to transfer money to India via India remittance.. error showing â€˜something went wrong please try againâ€™. I had tried several times on last three months, uninstalled & reinstalled the app but the result was same. Need to fix these bugs",2021-07-01T08:54:10-07:00,1,Apple App Store,app_store,om
5b3f590c-ad60-4c2d-94d7-9b1a7db19edc,nu_nh711,.,Ø¨Ø¹Ø¯ Ø§Ù„ØªØ­Ø¯ÙŠØ« Ø§Ù„Ø£Ø®ÙŠØ± Ø§Ù„Ø¨Ø±Ù†Ø§Ù…Ø¬ Ù… ÙŠÙØªØ­ Ø¹Ù†Ø¯ÙŠ . !!!!,2021-06-28T23:34:52-07:00,1,Apple App Store,app_store,om
078b3b1a-c633-4ca5-b613-09875410e7ae,free palestine âœŠğŸ»,Application,Fix your application please:),2021-06-26T06:03:22-07:00,1,Apple App Store,app_store,om
880292a4-ba1b-4711-bf71-681317b0b533,jamalom,Update,"After last update, I canâ€™t transfer money.
The previous version better than now.",2021-06-23T09:41:47-07:00,1,Apple App Store,app_store,om
fc86d3a1-21ed-46f6-9d6c-b416595cbe89,hamoodØ®Ø®Ø®,ØªØ·Ø¨ÙŠÙ‚ ÙØ§Ø´Ù„,Ø¨Ù†Ùƒ ØªØ·Ø¨ÙŠÙ‚Ù‡ ØªØ¹Ø¨Ø§Ù† ØŒ ÙˆØ¯Ø§Ø¦Ù…Ø§ Ù…Ø§ ÙŠØ´ØªØºÙ„ Ùˆ ÙŠØ¹Ù…Ù„ ÙƒØ±Ø§Ø´ ØŒ Ù…Ø§ Ø§Ù†ØµØ­ ÙÙŠÙ‡ Ø§Ø¨Ø¯,2021-06-02T03:15:29-07:00,1,Apple App Store,app_store,om
50cf3698-970a-45c3-a5d3-6bd5f27e3809,Androidster1,A major disappointment,"I canâ€™t access the app, had to uninstall then install back, when i was able to access the app i found out Iâ€™m unable to access credit cards details!! 
This issue exists on both IOS and android.
Call center were no help. All what they say is send complaints email with a screen shot.. I said how can i send screenshots if something that is not opening to begin with?? His response was its the only way.... This is a major disappointment",2021-05-17T21:15:15-07:00,1,Apple App Store,app_store,om
c304e6d4-cfef-4b55-899f-95581f57cc60,nbvghjkloo,Ù†Ø±Ø¬Ùˆ Ø¥Ø¶Ø§ÙØ© Ø§Ù„Ù„ØºØ© Ø§Ù„Ø¹Ø±Ø¨ÙŠØ©,Ø§Ù„Ø±Ø¬Ø§Ø¡ Ø¥Ø¶Ø§ÙØ© Ø§Ù„Ù„ØºØ© Ø§Ù„Ø¹Ø±Ø¨ÙŠØ© ÙÙŠ Ø§Ù„ØªØ­Ø¯ÙŠØ« Ø§Ù„Ù‚Ø§Ø¯Ù…,2021-05-09T12:31:55-07:00,1,Apple App Store,app_store,om
fb2fc9d8-ecb8-4912-bd5a-30a51b9418ea,youssef@1978,Credit card not responding,After last update I canâ€™t check my credit card details or make a payment for Visa card balance I contacted customer service many times but nothing changed,2021-05-02T14:00:17-07:00,1,Apple App Store,app_store,om
a2fa5499-acba-4cdc-931c-885d29abe55b,uncfyjnkgg,Prepaid card transfer,Prepaid card transfer not working,2021-04-29T02:45:15-07:00,3,Apple App Store,app_store,om
6dcb50f8-78f5-4f7c-be4a-463bf6766967,Badiholic,The worst bank application I ever have seen,"My journey with this bank has been miserable ever since I chose to team up with it. Nothing I am proud of it with the Bank Sohar. Speaking with the application, I have not been able to sign in for over a month and when spoke with the call centre, I was told to wait for the new upgrade. Accidentally, I found a message sent by the bank to enjoy the new features. What I expected to be a new and fresh start was nothing but the same app failure I faced before.",2021-04-27T23:23:11-07:00,1,Apple App Store,app_store,om
3e9e8732-505d-4dd4-8b39-d2f84a4fa2b4,Ø±Ø¨Ø¹ Ù†Ø¬Ù…Ø©,Ø³ÙŠØ¡,"Ù„Ù„Ø£Ø³Ù Ø§Ù„Ø¨Ø±Ù†Ø§Ù…Ø¬ ÙˆØ§Ø³ØªÙ…Ø§Ø¹ÙƒÙ… Ù„Ù„Ø¹Ù…Ù„Ø§Ø¡ Ø³ÙŠØ¡ Ø¬Ø¯Ø§Ù‹ ØŒ Ù¡Ù¢ Ø¨Ù„Ø§Øº Ø¨Ø§Ù„Ø§ØªØµØ§Ù„ ÙˆÙ¤ Ø¥ÙŠÙ…ÙŠÙ„Ø§Øª ÙˆØ§Ù„Ø¢Ù† Ø´Ù‡Ø± ÙƒØ§Ù…Ù„ ÙˆÙ†ÙØ³ Ø§Ù„Ù…Ø´ÙƒÙ„Ø© ÙˆÙ†ÙØ³ Ø§Ù„Ø±Ø¯( ØªÙ… ØªØ³Ø¬ÙŠÙ„ Ø§Ù„Ø¨Ù„Ø§Øº) Ù†ÙØ³ÙŠ Ø­Ø¯ ÙŠÙ‚ÙˆÙ„ (ØªÙ… Ø­Ù„ Ø§Ù„Ù…Ø´ÙƒÙ„Ø©)
Ù„Ù… ÙŠØªØ­Ø±Ùƒ ÙÙŠÙƒÙ… Ø³Ø§ÙƒÙ†ØŒ Ø¹Ù†Ø¯ Ù…Ø­Ø§ÙˆÙ„Ø© Ø§Ù„Ø¯Ø®ÙˆÙ„ Ø§Ù„Ù‰ Ø§Ù„ØªØ·Ø¨ÙŠÙ‚ ÙŠØ·Ù„Ø¹Ù„ÙŠ Ø¥Ø´Ø¹Ø§Ø± *Ù‡Ø°Ø§ Ø§Ù„Ø­Ø³Ø§Ø¨ Ù…Ø³Ø¬Ù„ ÙÙŠ Ø¬Ù‡Ø§Ø² Ø¢Ø®Ø±ØŒ Ù‡Ù„ ØªÙˆØ¯ ØªØºÙŠÙŠØ± Ø§Ù„Ø¬Ù‡Ø§Ø²ØŸ*Ø§Ø¶ØºØ· Ù†Ø¹Ù… 
ÙŠÙ‚ÙˆÙ… Ø§Ù„ØªØ·Ø¨ÙŠÙ‚ ÙŠØ±Ø³Ù„ Ø±Ù…Ø² Ø§Ù„OTP Ø¹Ù„Ù‰ Ø±Ù‚Ù…ÙŠ Ø§Ù„Ù‚Ø¯ÙŠÙ…
ÙˆÙ‡Ø°Ø§ Ø§Ù„Ø±Ù‚Ù… Ù…Ù„ØºÙŠ Ù…Ù† Ø³Ù†ØªÙŠÙ†!

Ù„Ù„Ø¹Ù„Ù… Ù„Ø§ ÙŠÙˆØ¬Ø¯ Ù…Ø¹ÙŠ Ø¬Ù‡Ø§Ø² Ø¢Ø®Ø±
Ø£Ø±Ø¬Ùˆ Ø£Ù† ØªØ³ØªÙ…Ø¹ÙˆØ§ Ø¥Ù„Ù‰ Ø§Ù„Ø¹Ù…Ù„Ø§Ø¡
Ù„Ø£Ù† Ø§Ù„Ù†Ù‚Ø¯ ÙŠØ­Ø³Ù† Ø§Ù„Ø¬ÙˆØ¯Ø© ÙˆØ¨Ø§Ù„ØªØ§Ù„ÙŠ Ø³ÙŠØªØ­Ø³Ù† Ø§Ù„Ø±Ø¨Ø­ Ù„Ø¯ÙŠÙƒÙ… ÙˆÙ‡Ùˆ Ù‡Ø¯ÙÙƒÙ…..",2021-04-27T17:29:10-07:00,1,Apple App Store,app_store,om
04d5529b-fec9-447e-9f5a-a56ebade47c3,Aguero22,Pre paid can not transfer money,"After the last update I canâ€™t transfer money into my prepaid card 
Very disappointed 
Would you please fix this issue",2021-04-27T11:39:55-07:00,2,Apple App Store,app_store,om
d24d5c69-08b7-4374-97d4-48b730324453,elhemz007,Bad Support,The updates should come with improvements but here so many features were lost in the last update I cannot manage my cards please fix this issue,2021-04-25T19:23:17-07:00,1,Apple App Store,app_store,om
9d9834ac-07ed-42f0-bdae-c266eec67a01,algheilani,Old version is better,"Missing card payment 
We canâ€™t send money to visa or prepaid cards like old version.",2021-04-25T12:52:28-07:00,1,Apple App Store,app_store,om
45d66c48-d9ef-490d-9765-3e2c2ba77deb,mohzeidi,bad update not support,"From last update before 2 weeks or more, canâ€™t login to app and when asked the call center only reply we didnâ€™t have any information about dad line for issue solving",2021-04-25T05:22:31-07:00,1,Apple App Store,app_store,om
5c784d67-326b-469c-b99b-1069313ecd79,abu alyazen,Ù…Ø³Ù‚Ø·Ø§ÙˆÙŠ,Ø§Ù„Ø¨Ø±Ù†Ø§Ù…Ø¬ Ù…Ø§ ÙŠØ¯Ø¹Ù… Ø§Ù„Ù„ØºØ© Ø§Ù„Ø¹Ø±Ø¨ÙŠØ© Ù„ÙŠØ´ØŸØŸ,2021-04-22T10:25:21-07:00,1,Apple App Store,app_store,om
b59fcda3-cf09-433e-ba9b-c5254349d052,K AlFORI,Ø§Ù„Ù„ØºØ© Ø§Ù„Ø¹Ø±Ø¨ÙŠØ©,Ù„ÙŠØ´ Ù…Ø§ ÙŠØµÙŠØ± Ø¹Ø±Ø¨ÙŠ,2021-04-21T07:26:37-07:00,4,Apple App Store,app_store,om
fb08569d-938e-4614-bd2d-5610f43488d5,Rajeesh babu,Very very bad,Felt very bad service from Sohar.Intl. App doesnâ€™t work properly. I transferred my money to India through this app and money deducted from my account but not transferred after 20 days. Now daily I am begging for my money to customer service but no any response. Poor service . Hate Sohar.Intl,2021-04-20T02:59:55-07:00,1,Apple App Store,app_store,om
8b689f7c-7508-401b-8f83-557b5a5da847,Sanad90,Ù…Ø§ ØªØ­Ø³Ùˆ,Ù…Ø§ ØªØ­Ø³Ùˆ Ø§Ù†ØªÙˆØŸØŸ,2021-04-17T23:56:46-07:00,1,Apple App Store,app_store,om
d8f7b7be-6e21-481e-83ef-8fa79732e9f4,Ø¹Ù…Ø± Ø®Ù…ÙŠØ³ Ù…Ø­Ù…Ø¯ Ø§Ù„Ø²Ø¹Ø§Ø¨ÙŠ,Ø§ÙØ´Ù„ ØªØ·Ø¨ÙŠÙ‚,Ø§ÙˆÙ„ Ù…Ø±Ù‡ Ø§Ø´ÙˆÙ ØªØ·Ø¨ÙŠÙ‚ Ø¨Ù†Ùƒ Ø¨Ø¯ÙˆÙ† Ù„ØºØ© Ø¹Ø±Ø¨ÙŠØ© ÙˆÙ„Ø§ Ø§Ù„Ø¨Ø±Ù†Ø§Ù…Ø¬ Ù„Ù„ÙˆØ§ÙØ¯ÙŠÙ† ÙÙ‚Ø·ØŸ,2021-04-15T07:17:21-07:00,1,Apple App Store,app_store,om
e4fd2673-740e-47e2-a09a-a5b92d91029b,Ø£Ø¨Ùˆ Ø¬Ø¨Ø± ÙˆØ¬Ù†Ù‡,Ù„ÙŠØ´ Ù…Ø§Ø´ÙŠ Ø¹Ø±Ø¨ÙŠ,ØªÙ†Ù‚ØµÙ‡ Ø§Ù„Ù„ØºÙ‡ Ø§Ù„Ø¹Ø±Ø¨ÙŠÙ‡,2021-04-14T17:16:34-07:00,1,Apple App Store,app_store,om
dcec3850-1d48-49e9-be20-a69f17d6c6e3,Ø¹Ø§Ø¨Ø± Ø§Ù„Ø³Ø±Ø§Ø¨,Ø¨Ø±Ù†Ø§Ù…Ø¬ Ø³ÙŠØ¦ Ù„Ø§ÙŠÙˆØ¬Ø¯ Ø¨Ù‡ Ù„ØºØ© Ø¹Ø±Ø¨ÙŠØ© ÙˆÙ„Ø§ ÙŠÙˆØ¬Ø¯ Ø¨Ù‡ Ø¨ØµÙ…Ø© Ø§Ù„Ø¹ÙŠÙ† Ø§Ùˆ Ø§Ù„ÙˆØ¬Ù‡ Ø³ÙŠØ¦ ÙÙˆÙ‚ Ø§Ù„Ø®ÙŠØ§Ù„,Ø¨Ø±Ù†Ø§Ù…Ø¬ Ø³ÙŠØ¦ ÙˆÙ„Ø§ ÙŠØ³ØªØ§Ù‡Ù„ ÙˆÙ„Ø§ Ù†Ø¬Ù…Ø©,2021-04-13T22:31:05-07:00,1,Apple App Store,app_store,om
25015c22-c90d-4a13-b365-54c169792903,Ø¨ÙˆØ¹Ù„ÙŠ Ø§Ù„Ø®Ø±ÙˆØµÙŠ,Ø¯ÙˆÙ† Ø§Ù„Ù…Ø³ØªÙˆÙ‰,ØªØ­Ø¯ÙŠØ« ÙØ§Ø§Ø§Ø§Ø§Ø§Ø§Ø§Ø§Ø§Ø§Ø§Ø§Ø§Ø§Ø§Ø§Ø§Ø§Ø§Ø§Ø§Ø§Ø§Ø§Ø§Ø§Ø§Ø§Ø´Ù„ ÙˆØ£Ø¹Ø·Ø§Ù„ ÙƒØ«ÙŠØ±Ù‡ Ù„Ø§ ØªØ¹Ø¯ ÙˆÙ„Ø§ ØªØ­ØµÙ‰,2021-04-11T00:40:58-07:00,1,Apple App Store,app_store,om
55fb9455-c54d-43f7-b1f7-0608f0a7347d,Saif Mamari,Not working after the latest update!!!!,Please fix the problem,2021-04-10T07:25:16-07:00,1,Apple App Store,app_store,om
c7749f37-033a-49b9-9459-de2a46527f0b,abu zeyad alhatmi,Ø§Ù„Ù„ØºØ©,Ø¨Ø±Ù†Ø§Ù…Ø¬ ÙŠØ­ØªØ§Ø¬ Ø§Ù„Ù‰ Ø¯Ø¹Ù… Ø§Ù„Ù„ØºØ© Ø§Ù„Ø¹Ø±Ø¨ÙŠØ©,2021-04-09T10:24:01-07:00,1,Apple App Store,app_store,om
4cc23e48-dde2-4642-ae2c-4c7884d54230,Mushrooom777,Poor performance,"The okâ€™d app was much user friendly, the nÃ©w is very bad and most of the features not working specially transfer money option on pending and call center not even able to help . Please go back to old app",2021-04-09T04:03:54-07:00,1,Apple App Store,app_store,om
e3bfd1d6-bb78-4c2d-a89e-8047e5b04513,back to the map,App update issues,The new app update doesnâ€™t work!! Thinking about shifting to another bank.,2021-04-08T12:36:16-07:00,1,Apple App Store,app_store,om
e4e31a77-4ad8-45fd-a926-e15545199315,kothuke,Indian remittance is not workingğŸ‘,Bad service,2021-04-08T00:32:45-07:00,2,Apple App Store,app_store,om
9e99bfed-04a6-4935-aae0-cd45f4be3557,Aldhahab_7,Ø§Ù„Ø¨Ø±Ù†Ø§Ù…Ø¬ Ù„Ø§ ÙŠØ¯Ø¹Ù… Ø§Ù„Ù„ØºØ© Ø§Ù„Ø¹Ø±Ø¨ÙŠØ©,"Ø§Ù„Ø¨Ø±Ù†Ø§Ù…Ø¬ Ù„Ø§ ÙŠØ¯Ø¹Ù… Ø§Ù„Ù„ØºØ© Ø§Ù„Ø¹Ø±Ø¨ÙŠØ©

Ù„Ø§ ÙŠÙ…ÙƒÙ†Ù†ÙŠ ØªØºÙŠÙŠØ± Ø§Ù„Ù„ØºØ©",2021-04-07T12:08:11-07:00,1,Apple App Store,app_store,om
a9fef021-59ee-4e4a-a327-4f043a1f5df8,saif als3idi,Ø§Ø®Ø± ØªØ­Ø¯ÙŠØ«,Ø§Ø®Ø± ØªØ­Ø¯ÙŠØ« Ù…Ø§ÙÙŠÙ‡ Ø¥Ù„Ø§ Ø§Ù„Ù„ØºÙ‡ Ø§Ù„Ø§Ù†Ø¬Ù„ÙŠØ²ÙŠÙ‡ Ø¨Ø³,2021-04-06T22:13:13-07:00,2,Apple App Store,app_store,om
ab8c37e9-fff4-4930-95fa-ff56c34b337e,Ø¨Ø±Ù†Ø§Ù…Ø¬ Ø±ÙˆÙˆÙˆØ±Ø±Ø±Ø¹Ù‡,Ø§Ù„ØªØ­Ø¯ÙŠØ«Ø§Øª Ø§Ù„Ø§Ø®ÙŠØ±Ø© ğŸ˜,ØµØ¹Ø¨ Ø¬Ø¯Ø§ ÙÙŠ ØªØ­ÙˆÙŠÙ„Ù‡ Ø§Ù„Ù‰ Ø§Ù„Ù„ØºÙ‡ Ø§Ù„Ø¹Ø±Ø¨ÙŠÙ‡,2021-04-06T11:23:37-07:00,1,Apple App Store,app_store,om
27de333a-e8d7-4cf1-8691-4bba1a84043a,abooonioor,Ù…Ù† Ø¬ÙŠØ¯  Ø¥Ù„Ù‰ Ø§Ù„Ø§Ø³ÙˆØ§Ø¡ Ø§Ø³ÙˆØ¡ Ø¨Ø¹Ø¯ ØªØºÙŠØ± Ø§Ù„Ù„ØºØ© Ù…Ù† Ø¹Ø±Ø¨ÙŠ Ø§Ù„Ù‰ Ø§Ù†Ø¬Ù„ÙŠØ²ÙŠ ÙˆØ§Ù„Ù†Ø¸Ø§Ù… Ø§Ù„Ø¨Ø±Ù†Ø§Ù…Ø¬,ÙÙŠ Ø¬Ù…ÙŠØ¹ Ø§Ù†ÙˆØ§Ø¹ Ù‡Ø§ØªÙ  Ø§ÙŠÙÙˆÙ† Ù„Ø§ÙŠØ¹Ù…Ù„ Ø§Ø±Ø¬ÙˆÙ‡ ØªØ­Ø¯ÙŠØ« Ø§Ù„Ø¨Ø±Ù†Ø§Ù…Ø¬,2021-04-06T09:03:03-07:00,1,Apple App Store,app_store,om
c39cf1e7-7285-449d-a457-641b7963ddcd,kayla_111,App and website isnâ€™t working,The app and website isnt working been a week. This is a struggle. Please fix this problem its becoming an issue,2021-04-06T01:08:23-07:00,1,Apple App Store,app_store,om
beeb0f2b-dfe9-427f-b5c1-a94ee76bf7c3,RK145236,Cant execute payments.,Since the update its very slow and cant make payments..it will just buffer and go off..,2021-04-05T12:27:23-07:00,1,Apple App Store,app_store,om
1d4efcc2-2f9c-400c-8724-a276c6292224,Ø¨Ùˆ Ø°ÙŠØ§Ø¨ 2,Ø³Ø¦ Ø¬Ø¯Ù‹Ø§,Ø³Ø¦ Ø¬Ø¯Ø§ ÙˆÙ„Ø§ ÙŠØ´ØªØºÙ„ ÙÙŠ Ø§ÙŠÙÙˆÙ† 12 ÙˆÙ†ØªÙˆØ§ØµÙ„ Ù…Ø¹ Ø§Ù„Ø¨Ù†Ùƒ Ø¨Ø¯ÙˆÙ† ÙØ§Ø¦Ø¯Ø©,2021-04-05T08:03:55-07:00,1,Apple App Store,app_store,om
09063633-2a71-4289-bf27-29bd8c5e8a2e,tnt9450,ØªØ·Ø¨ÙŠÙ‚ Ø³Ø¦. ØµØ¹Ø¨ Ø§Ù„Ø¯Ø®ÙˆÙ„ Ø§Ù„Ù‰ Ø§Ù„ØªØ·Ø¨ÙŠÙ‚ Ù…Ø¹Ù‚Ø¯,ØªØ·Ø¨ÙŠÙ‚ Ø³Ø¦ Ù…Ø¹Ù‚Ø¯,2021-04-05T04:33:36-07:00,1,Apple App Store,app_store,om
0357abdc-8a06-4f65-9102-2254ca595bd8,Ø´Ù†ÙƒÙˆØ²,Ø§Ù„ØªØ·Ø¨ÙŠÙ‚ Ù„Ø§ ÙŠØ¹Ù…Ù„,Ø§Ù„ØªØ·Ø¨ÙŠÙ‚ Ù„Ø§ ÙŠØ¹Ù…Ù„,2021-04-04T08:57:45-07:00,1,Apple App Store,app_store,om
ffb7c1ad-00f2-444d-be80-b7f9cb3c554a,fasm007,Mobile apps,Very bad update it was working fine with Face ID in iPhone 11,2021-04-04T07:39:44-07:00,1,Apple App Store,app_store,om
e33fd26d-fcc3-4784-84d1-c319b94a1f22,hs79hisooooo,Cant open app,I cant open the app after the last update,2021-04-03T23:54:09-07:00,2,Apple App Store,app_store,om
0d160321-cb9d-458d-9496-f2ed91521264,Ù…Ø§ ÙŠØ³ØªØ§Ù‡Ù„ ÙˆÙ„Ø§ Ù†Ø¬Ù…Ù‡ Ø¨Ø±Ù†Ø§Ù…Ø¬ Ù…Ø¹Ø·Ù„,The app have problem,"What happen I canâ€™t open the app ??????
Why no one cares!!!!!!!!!!",2020-10-30T17:32:47-07:00,1,Apple App Store,app_store,om
2bdf8056-cd7d-4104-91b8-41337d0597a3,Ù„ÙŠÙ† Ù…ØªÙ‰!ØŸ,Ù… ÙŠØ´ØªØºÙ„ Ù Ø§ÙŠÙÙˆÙ† 6 Ù„ÙŠØ´ØŸØŸØŸ,Ù„ÙŠØ´ Ù… ÙŠÙØªØ­ ØŸ Ù Ø§ÙŠÙÙˆÙ† 6,2020-10-25T10:43:25-07:00,5,Apple App Store,app_store,om
023c11c1-d4a4-4259-a1f9-5b868b9a0e4e,jack shar,dont update,after updating app is not working,2020-10-19T04:18:10-07:00,1,Apple App Store,app_store,om
7e23f90a-07d9-4263-ab5a-60ccfa42b9e1,Salil pr,I phone 6  not get,"I phone 6 still not get, very poor service",2020-10-19T01:16:07-07:00,1,Apple App Store,app_store,om
8b3402d8-61e9-4f74-a2e0-130463403117,Ø§Ù„Ù‡Ù†Ø§ÙŠ,Ø¨Ù†Ùƒ ØµØ­Ø§Ø±,Ù‡Ù„ Ù‡Ù†Ùƒ Ù…Ø´ÙƒÙ„Ø© ÙÙŠ Ø§Ù„Ø¨Ø±Ù†Ø§Ù…Ø¬ Ù…Ø§Ø±Ø§Ø¶ÙŠ ÙŠÙØªØ­,2020-10-13T12:54:36-07:00,1,Apple App Store,app_store,om
5863eecc-82e7-42e9-9620-c0c4a4246c57,jithu krishnan,App is not working in i phone 6,New update is not working in i phone 6 and Iâ€™m facing this problem after installation of new update.,2020-10-07T08:21:08-07:00,1,Apple App Store,app_store,om
ce8cae6a-041b-4e0e-bafd-0e264e413295,A Google user,,all too difficult. bb,,1,Google Play,play_store,om
beb4b254-335e-4ff2-a338-2c578cd0d332,Anish Yadav,,I love this app,,5,Google Play,play_store,om
c6e6bdb8-d15d-4a02-864b-eab8c295cbdc,HisHighness Abdulla,,I noted your apologies but what happend after ? I feel guilty for opned a account in sohar international. back office service so.bad they are taking 3 to 4 weeks time for small paper work. after complaints there is not replay of emails....,,1,Google Play,play_store,om
962aeff4-5b23-4f2f-bb5d-5204cbc596ea,Jamila Alharthi,,Ù…Ù…ØªØ§Ø²Ø©,,5,Google Play,play_store,om
02240f98-61f0-4779-b86b-80bf036d0ab5,Md.Jumman Bepari,,"dear sohar international bank please add the mobile number change option in this apps,",,1,Google Play,play_store,om
993e5caa-9f23-4e8b-a566-abd812918aed,Arvind Kumar Choudhary,,very good aap,,5,Google Play,play_store,om
78ccc3b1-a175-43d4-8c07-0f5cb83e00b6,Janet Atieno,,went to the bank to change the new number since the number I used first is not active but still I can't access my account without OTP number which is being send in the old number this is draining ğŸ˜­.,,1,Google Play,play_store,om
cf8d1185-c0db-4693-9271-36fc343f20cb,Paripelli Rupesh,,good,,5,Google Play,play_store,om
60715965-4756-4f5a-bd2a-75a6ef5b7005,Deepak Yadav,,very good,,5,Google Play,play_store,om
b1fd975b-fe0b-42d1-a57d-70f13f1bb427,bangla desh,,nice app,,5,Google Play,play_store,om
4545b2f8-efac-4984-ba71-d5f7f90e5636,Waleed Albarwani,,"dear sohar bank team, Will you clarify why all the time the app dose not work? I just had enough I am moving to bank muscat instead..in critical times we want to transfer through the app and it say maintenance or doesn't work at all..",,1,Google Play,play_store,om
92a85423-9fec-4434-9860-95b64b5a4460,Muhamad Rafeek,,"Sohar Bank is improved a lot within the last year and achieved international standards. As an indian, i have experienced many benefits like there's no service fee for the international transfer to India and will be credited instantly , faster than any other bank in Oman. The mob app of Sohar bank is excellent, very easy and user friendly. The beneficieries via mob app can be added with minimum details and avtivated immediately.",,5,Google Play,play_store,om
0743f798-52d6-4356-8a72-8845e5342441,MUFEED RAHMAN.A,,still this bank services 1950 year . to much take time if need any service from Branch,,1,Google Play,play_store,om
722358df-be12-4d6d-8571-b27d762d01e1,Ayman Zadjali,,"1 star for there's no option for changing mobile number like bank muscat, I visited 2 times sohar international branch Souq Al Seeb but there staff are too busy they was dealing with 1 customer 2 hours I waited for them 3 hours but they didn't have time they are tooo slow, imagine I was waiting 3 hours for only changing the mobile number, If sohar international improve this option in application I'm going to thank them",,1,Google Play,play_store,om
85ff09ba-9e6e-4f93-b4cd-774eefabac3a,Sabe Mirza,,very impressed ğŸ‘,,5,Google Play,play_store,om
c620c756-4d30-4c70-b231-902c958e7b05,Hajer Belochi,,not user friendly,,1,Google Play,play_store,om
d4981484-6773-4b89-b7c7-cc225ab1d5b5,Durga Ghimire,,Good,,5,Google Play,play_store,om
d393db14-2e00-4128-a8ac-0a35ae7ac11c,Vishal Manakkattu,,"Terrible. This is the worst banking app I have ever used. Whenever I need to log in, it takes too much time to load the login interface. The login time is also very slow. Transactions are also very slow. It needs to learn from other banking app developers in Oman. For example, Bank Muscat takes only seconds to log in and complete other transactions.",,2,Google Play,play_store,om
9885fe17-9c7e-4a60-95b3-12e179e751fb,AGUSTIN SHAJI T,,good app,,5,Google Play,play_store,om
5589f480-0025-4380-ac40-03aaca234988,Parag V,,"App not responding most of the times. Frequent issues. Cannot use the app after latest udpate on WiFi, works only on mobile data",,1,Google Play,play_store,om
9f0b8a0c-6de0-4d2d-bde8-dc1701425f23,Thai lover lover,,Ø§ÙˆØ§Ø¬Ù‡ Ù…Ø´ÙƒÙ„Ø© Ø§Ù„ÙŠÙˆÙ… ÙÙŠ Ø§Ù„ØªØ·Ø¨ÙŠÙ‚ ÙˆÙ„Ø§ ÙŠÙ…ÙƒÙ†Ù†ÙŠ Ø§Ù„ØªØ³Ø¬ÙŠÙ„ Ø§Ùˆ Ø¥Ø±Ø³Ø§Ù„ Ø§Ù„Ø§Ù…ÙˆØ§Ù„,,5,Google Play,play_store,om
8c95ba54-51e2-4cb7-9b58-a276f4ad7e1b,Naresh Ravi,,"I'm unable to recharge the Friendi or Oordee number via Sohar Bank app, please check the number, please fix.",,3,Google Play,play_store,om
09ca553b-4348-47de-90f0-56ff6eb7044c,Muhammad Kaleemullah,,All Good but colour not suitable for day in app colour,,5,Google Play,play_store,om
6df1fce7-90e0-4fb5-95b3-fc97e27daa50,Omar faruk,,nice,,5,Google Play,play_store,om
cbd37c05-ef09-44dd-b245-fd35b5ee402d,Muhammad Asif,,super Service and best Bank .,,5,Google Play,play_store,om
2c346b57-6a64-4699-9385-e586db8607e6,BILAL KHAN,,my app is not working automatically stops. what is the issue.,,2,Google Play,play_store,om
3536b1e1-af5a-4b7d-bf89-916193f05e5a,ali ali,,good,,3,Google Play,play_store,om
ee79523a-b27f-4c93-af02-8081f97c4974,Salim Al Hajri,,"It's stuck and not able to open the app. It's so useless and very inconvenient . Always, there's a glitch",,1,Google Play,play_store,om
48562ab5-80c0-45cc-93b7-dadd1fab635e,Sam Kigozi s.,,"I changed phones and I have called the customer service team but they have not helped they say i reinstall app, which i have done twice but can't work. so for several days i cant transact. its awful",,1,Google Play,play_store,om
89838470-124c-4fb2-86d6-5245d0415d54,Imran Jutt,,sir please Also include the method for changing the mobile number. add your mobile app,,2,Google Play,play_store,om
7fffba78-8e63-4ec1-8b0d-eafce883a38c,Muzaffar Jamil,,there should be an option to update mobile number,,4,Google Play,play_store,om
f3b0c0a7-ae1e-45a3-a583-0ba382509697,Fariborz Mansour-Ghanaei,,This application has problems such as freezing and not being able to log in easily.,,5,Google Play,play_store,om
2a0d504f-5ff7-4d30-8cd1-201104cf3edf,Sharif Rocke,,Nice,,5,Google Play,play_store,om
066418e4-42cb-4e98-8db4-422753587ce5,Pintu Sheikh,,very good,,4,Google Play,play_store,om
24f6f208-2525-4185-bcec-2ad69ffc3823,Sourav Barua,,nice oneğŸ‘,,5,Google Play,play_store,om
4d8f0955-595a-4aad-adca-e247453a42e2,Haider Al Lawati,,Great Bank and App!,,5,Google Play,play_store,om
a2861d43-2476-406b-bb39-5254d8d7709d,GURUDAS SHANBHAG,,superrrrrr,,4,Google Play,play_store,om
4ed4f792-38ea-4cc3-b908-13a03e5e28ee,Abdul Jabbar,,Excellent,,5,Google Play,play_store,om
309ea42e-adcd-4efd-9579-9b24d5a66bb2,Muhammad Murshid,,Not working,,1,Google Play,play_store,om
20339821-cdb3-475d-9d4f-61aeb6ee0552,Odiaka Uzorka,,Very nice app,,5,Google Play,play_store,om
a92d0240-8118-4f01-bc9a-51c6afafd66e,Osam Alawi,,"OTP received after 3 to 5 minutes and sometimes never If you do transactions over the weekend(eg from Bank Muscat to SIB via IBFT) Account never updated many other issues.. with this bank Hence go from worst to bad, try Bank Muscat",,1,Google Play,play_store,om
0915bad2-faca-486f-8642-d7f9fbce1f1d,Amr Abulmaged,,"The bank app has new features I'm not recommended at all. Don't ever think of using the app for flight booking. That's my experience. Took almost a week to get a ticket, even the payment done immediately after submission. Awful experience",,1,Google Play,play_store,om
20c15e06-8de8-4d4a-9c26-1de244253371,Fakrul Islam,,Good,,5,Google Play,play_store,om
e1268cbe-3fdd-4a17-8c65-ed6fce113e77,sreekutty t.s,,"Am satisfied with app, especially international &gcc transaction but cannot make payment to the nri account",,5,Google Play,play_store,om
cc5acb2a-f891-4795-9b27-c9024383a840,XAVIER MARIYADAS,,EXLANNT,,5,Google Play,play_store,om
899c3382-6686-45c5-b9ad-ef8134245598,Shaikh Mohammad Nadeem,,Great and so easy to work and any transaction I loved it,,5,Google Play,play_store,om
f18f339e-cd62-4255-a5e5-a7e021323c1e,Hamburg Castle,,This is great apps and bunk,,5,Google Play,play_store,om
d4474c2b-43e7-492c-b66b-7598e062ddaa,MAHENDRAN SEEMAAN,,Still lot of issues facing this app! Even debit card show bad card! Wrost experience then ever!,,1,Google Play,play_store,om
4e86332b-9087-43fe-bfb7-13e10a388910,Zunair Jutt,,Nice,,5,Google Play,play_store,om
2898fe42-77d4-4a28-a256-407346154369,Deepu krishna K,,"I cant transfer fund to india, option for india in beneficiary is not showing",,1,Google Play,play_store,om
d49df9dd-f6a9-4c9b-97c3-d9f7be986128,om prakash,,excellent service ğŸ’¯,,5,Google Play,play_store,om
0ce79881-8927-4327-bdc9-8c2f08fe340e,ayub raja,,Very good,,5,Google Play,play_store,om
fd2f3ddc-9fa0-4360-981b-70e29f7a2727,ROMMAN AHMED,,Good,,5,Google Play,play_store,om
1b032d07-441b-45e0-ad5a-a66da12c30ed,Shahnoor Mehr,,Excellent Banking,,5,Google Play,play_store,om
64b7e5bc-e673-49e2-a85c-562735f21d35,Raees Pcv,,Good app,,5,Google Play,play_store,om
a68eda72-55f9-4e64-9584-3639cf202543,Sourav,,"Initially the service was good to grasp customers. But recently it is noted that they are recruiting under experienced staffs for customer service who don't or unable to answer most of the queries. The response they provide is raise it in the App and it will be resolved. When I raise it app, I get a response contact the bank for support. If this is the response for every query is raise then what is the requirement to have a customer service???",,2,Google Play,play_store,om
6979fa41-bf3d-4c42-aea7-841ddbe9d9d8,Rashid Ali,,Good,,3,Google Play,play_store,om
42c7f74c-7afc-4be7-b034-0fb3b2a5a307,Islampur Gaibandha,,"It's very bad experience, When i gonna opn the apps it's automaticly crush.",,3,Google Play,play_store,om
f55e780c-bef2-4cb9-a7c4-b4383e20c384,Mohamed Hassan Soorow,,I'm interested,,5,Google Play,play_store,om
03015201-d118-4e2f-b33d-02e4f09ffd52,Khalid Al Maamari,,"Great app saves me a lot of time, and I can do all banking services through it.",,5,Google Play,play_store,om
e5c632d6-902d-442d-a248-2e809e706840,Basharat Ali,,Good service,,5,Google Play,play_store,om
8910d6d4-f1da-46ec-87ff-33bc01ba7a71,Harikeshsingh Yadav,,Very good app and banking sohar international best in Oman okay ğŸ‘,,5,Google Play,play_store,om
44ded22d-6be1-48ec-8828-3948f18b8076,Mohammad Rasal,,Verry good sarvice,,5,Google Play,play_store,om
5414f1cd-8d08-4d8a-821b-4080cdd61b7e,MR nowshad khan,,Good,,4,Google Play,play_store,om
dc291371-d576-4ce7-959d-5da13c66a0f0,HARI NAIK,,very much disappointing services,,1,Google Play,play_store,om
1af41354-8642-4021-bffb-f38ef34db5dc,Hamid Khan,,This is very good application,,5,Google Play,play_store,om
2a0b87e5-426e-4e6c-acb7-51b34b3c01d2,ja3fer ja3fer,,Ø³Ø¦ Ø¬Ø¯Ø§,,1,Google Play,play_store,om
cdf23f77-8f32-46a1-a035-394870ce9b8d,Omani Omani,,Very professional and easy to use. Thanks Sohar international bank ğŸ‘ğŸ»,,5,Google Play,play_store,om
4aed2e85-927b-49f6-bbdf-198c3a823bf8,Seyed Mostafa Sekhavati,,"Good appearance but lots of problem. For example: you can't delete any beneficiary, if try for that you would drop on a awful loop with no consequences.",,2,Google Play,play_store,om
d06bd0a7-491f-4165-a31a-332d1d663670,Abu Qabis Trading,,Best bank,,5,Google Play,play_store,om
dfc70a40-c2ad-4c70-97d5-da787c7c6499,Mohamed Daha,,Very satisfied sohar international bank,,5,Google Play,play_store,om
b15e1e21-fa50-4e09-96db-3a0c8bd549cb,Sensei Kumar,,Everywhere free transfer,,4,Google Play,play_store,om
492559ed-f88e-4c4d-a85e-049750ba32ea,kumar,,Very bad app and worst customer service,,1,Google Play,play_store,om
e62cd1bc-69b1-459b-9621-062d63dc8a1e,Grandpower Amrat,,It's better system to fast,,5,Google Play,play_store,om
4d3b44cf-ccdd-4619-8173-d2b348c06d65,Afroz Siddque,,Good app,,5,Google Play,play_store,om
8d957446-7ea2-4107-af81-33c1096c87e5,Said Al-Naamani,,Keep it up bank sohar and good luck,,5,Google Play,play_store,om
5ec2f5ec-e2c5-42bb-bc27-19104386dce0,Riaz Abdul,,"The app gets hanged very frequently, even after updating many times.",,2,Google Play,play_store,om
f136ef7d-31c8-4ec8-b84e-754d0f85787e,Bright Bennett,,Practical,,5,Google Play,play_store,om
2679a612-c9b5-4a8f-874f-7d1875af2661,Haris Muccadam,,Amazing app Very easy to use ğŸ‘Œ !,,5,Google Play,play_store,om
90f36359-c771-4d93-9e31-a33733233ed6,Jamil Alriyami,,Not stable,,2,Google Play,play_store,om
962f7e00-d2f5-4d5d-bde4-9b2560a08b97,Masoud Alghaithi,,"The best available, genuinely unique level",,5,Google Play,play_store,om
9c0e4783-b4e7-45d8-abcb-ffc889804410,El King Maged,,Nice App,,5,Google Play,play_store,om
18f92707-87dc-4c24-9c51-3a75c4558600,Md jakir Hossain,,Nice,,5,Google Play,play_store,om
20a1c4a0-597f-456c-a448-1d7e8221ae2b,Mohammed Abdallah,,Too much time taking to verify installing process.,,1,Google Play,play_store,om
b7efc607-b152-4b28-ade6-81cd2594d27d,Mbrpakquriyat,,Good luck,,5,Google Play,play_store,om
1176bcbf-bb4d-46ea-b0d6-d1b3eb6c989b,Mejbah Sagor,,nice,,5,Google Play,play_store,om
0b07749e-caa6-4b21-a715-5e51ecb263cc,Nawazish Ali,,Nawazish Asi good service,,5,Google Play,play_store,om
0060e35a-5f99-4729-879d-a0494280a141,Arman Arman,,Alhamdulillah good app,,5,Google Play,play_store,om
8f5e9a5f-1d38-4384-9589-71b4e21e3e37,Salim Man,,ØªØ­Ø³Ù† Ø§Ù„ØªØ·Ø¨ÙŠÙ‚ Ø¨Ø´ÙƒÙ„ ÙƒØ¨ÙŠØ± ÙÙ‚Ø· ÙÙŠÙ‡ ØªÙˆØ¬Ø¯ Ù…Ø´ÙƒÙ„Ø© Ø¨Ø³ÙŠØ·Ø© Ø¹Ù†Ø¯ ØªØ³Ø¬ÙŠÙ„ Ø§Ù„Ø®Ø±ÙˆØ¬ Ø§Ù„ØªØ·Ø¨ÙŠÙ‚ ÙŠØªÙˆÙ‚Ù Ø¹Ù† Ø§Ù„Ø¹Ù…Ù„,,4,Google Play,play_store,om
49b85e37-15b8-4f35-b381-3b23bc6faafe,Rashid KV,,APPLICATION IS NOT OPENING AT ALL....,,1,Google Play,play_store,om
6a11978e-664a-481f-b777-365db962b078,Mohammed Imran,,Nice,,5,Google Play,play_store,om
a6c3884f-7228-48f0-a615-20309e0d6a58,Irshad ansari,,Sohar international is very good bank,,5,Google Play,play_store,om
a23e2e4b-89d9-450c-a08d-7a63ca417fa7,ALAM JAHANGIR,,Very good Mobile banking â¤ï¸â¤ï¸â¤ï¸ğŸŒ¹ğŸŒ¹ğŸŒ¹ğŸ’ğŸ’ğŸ’,,5,Google Play,play_store,om
03ad5908-4b5f-48b8-a39c-adb8a132c289,Jabed Vai,,Nice App,,5,Google Play,play_store,om
31547d84-6166-4c21-8400-7078209b1f0a,Wajid Mohammed,,"The new app is useful, but after making each payment, it will not be responsive unless you re login again.",,4,Google Play,play_store,om
2e9e04ac-93c1-43c2-9063-0cd06018fc72,Krishna Moorthy,,Good,,5,Google Play,play_store,om
0629e96a-f1d9-4c91-9100-21edcb440810,Muhammad Haris,,Amazing app,,5,Google Play,play_store,om
ac271903-0d04-4958-8630-a1efcd9eb607,A. Malik Al Balushi,,Perfect banking,,5,Google Play,play_store,om
fda1e71a-629d-44ee-b587-e2245bfafcaf,Sharin Shahin,,Very good,,5,Google Play,play_store,om
0286af25-b39b-4c8f-9b40-0366c6b004f1,sanjay shah,,Superb ğŸ‘ŒğŸ‘ŒğŸ‘ğŸ‘,,5,Google Play,play_store,om
